Mandarin,English,Spanish
的,of,de
一,one,uno
是,yes,Sí
不,No,No
人,people,gente
在,exist,existir
有,have,tener
我,I,I
了,Got it,Entiendo
中,middle,medio
國,country,país
這,this,este
為,for,para
以,by,por
來,Come,Venir
大,big,grande
之,Of,De
生,born,nacido
個,indivdual,individual
上,superior,superior
而,and,y
會,meeting,reunión
們,them,a ellos
也,also,también
時,hour,hora
到,arrive,llegar
可,Can,Poder
年,Year,Año
自,since,desde
地,land,tierra
要,want,desear
對,right,bien
與,and,y
能,able,capaz
那,That,Eso
就,At once,Inmediatamente
於,At,En
出,out,afuera
子,son,hijo
說,explain,explicar
家,Home,Hogar
然,Ran,Corrió
成,become,convertirse
著,With,Con
如,like,como
過,Pass,Aprobar
得,have to,tengo que
心,Heart,Corazón
下,Down,Abajo
多,many,muchos
作,do,hacer
和,and,y
所,Place,Lugar
後,back,atrás
十,ten,diez
天,sky,cielo
無,none,ninguno
都,All,Todo
情,Affection,Afecto
民,civil,civil
學,study,estudiar
小,Small,Pequeño
現,now,ahora
政,politics,política
因,because,porque
此,this,este
當,when,cuando
事,thing,cosa
前,forward,adelante
去,go,ir
種,kind,amable
其,That,Eso
行,OK,DE ACUERDO
意,meaning,significado
方,square,cuadrado
文,arts,letras
日,day,día
好,good,bien
實,Reality,Realidad
但,but,pero
想,think,pensar
發,hair,cabello
經,through,a través de
性,sex,sexo
者,who,OMS
分,point,punto
看,look,mirar
三,three,tres
麼,What?,¿Qué?
法,Law,Ley
美,beautiful,hermoso
起,rise,elevar
只,Only,Solo
用,use,usar
最,most,mayoría
她,she,ella
外,outside,afuera
本,Book,Libro
長,long,largo
同,same,mismo
你,you,tú
開,open,abierto
理,reason,razón
主,host,anfitrión
已,already,ya
沒,without,sin
面,noodle,cabeza
代,generation,generación
動,move,mover
間,between,entre
及,and,y
力,force,fuerza
些,some,alguno
二,two,dos
重,Heavy,Pesado
由,Depend on,Depender de
定,Certainly,Ciertamente
道,road,camino
還,return,devolver
新,new,nuevo
裏,inside,adentro
樣,Sample,Muestra
高,high,alto
化,change,cambiar
女,female,femenino
又,again,de nuevo
共,common,común
己,self,ser
進,Enter,Ingresar
從,from,de
或,or,o
愛,like,como
使,make,hacer
公,male,masculino
感,feel,sentir
正,just,justo
關,close,cerca
世,World,Mundo
相,Mutually,Mutuamente
知,Know,Saber
更,Even,Incluso
等,wait,esperar
明,bright,brillante
全,Complete,Completo
常,often,a menudo
問,ask,preguntar
立,stand,pararse
社,society,sociedad
應,answer,respuesta
兩,two,dos
老,old,viejo
體,body,cuerpo
很,very,muy
教,teach,enseñar
活,live,vivir
何,what,qué
卻,but,pero
書,Book,Libro
物,thing,cosa
工,work,trabajar
並,and,y
再,Again,De nuevo
四,Four,cuatro
表,surface,superficie
身,body,cuerpo
將,Will,Voluntad
果,fruit,fruta
點,point,punto
才,talent,talento
真,real,real
內,Inside,Adentro
黨,party,fiesta
把,Bundle,Manojo
度,Spend,Gastar
頭,head,cabeza
回,return,devolver
向,Towards,Hacia
至,to,a
走,Walk,Caminar
受,by,por
風,wind,viento
像,picture,imagen
什,Varied,Variado
臺,tower,torre
合,combine,combinar
見,See,Ver
水,water,agua
業,Industry,Industria
次,Second-rate,De segunda categoría
界,boundary,límite
許,May,Puede
少,few,pocos
統,system,sistema
總,total,total
題,question,pregunta
位,Bit,Poco
五,five,cinco
月,moon,luna
台,tower,torre
手,hand,mano
幾,Several,Varios
被,quilt,colcha
名,name,nombre
平,flat,departamento
處,at,en
山,Mountain,Montaña
必,must,debe
觀,view,vista
選,select,seleccionar
光,Light,Luz
命,life,vida
九,Nine,Nueve
言,Word,Palabra
安,install,instalar
加,add,agregar
目,Head,Cabeza
提,carry,llevar
結,Knot,Nudo
它,it,él
員,member,miembro
部,department,departamento
花,flower,flor
每,Every,Cada
太,too,también
路,road,camino
治,rule,regla
則,but,pero
任,appoint,nombrar
機,machine,máquina
先,First,Primero
灣,bay,bahía
望,see,ver
便,convenient,conveniente
親,relative,relativo
入,enter,ingresar
義,righteous,justo
變,Change,Cambiar
話,talk,hablar
流,flow,fluir
解,untie,desatar
白,white,blanco
各,each,cada
聲,Voice,Voz
論,Argument,Argumento
認,recognize,reconocer
場,field,campo
難,Disaster,Desastre
今,now,ahora
交,pay,pagar
視,See,Ver
建,establish,establecer
未,not yet,aún no
百,Hundred,Centenar
利,profit,ganancia
做,Do,Hacer
原,Original,Original
期,Expect,Esperar
第,No.,No.
車,car,auto
色,color,color
詩,poetry,poesía
氣,gas,gas
放,put,poner
形,shape,forma
權,right,bien
深,deep,profundo
遠,Far,Lejos
市,city,ciudad
電,electricity,electricidad
傳,pass,aprobar
孩,child,niño
育,educate,educar
影,film,película
北,north,norte
八,eight,ocho
往,Past,Pasado
覺,Sleep,Dormir
反,opposite,opuesto
口,mouth,boca
神,god,dios
曾,ever,alguna vez
念,read,leer
金,gold,oro
別,Don't,No
比,Compare,Comparar
特,special,especial
空,,nulo
失,lose,perder
師,division,división
華,magnificent,magnífico
通,Pass,Aprobar
夜,night,noche
清,clear,claro
兒,Son,Hijo
求,beg,mendigar
近,close,cerca
制,system,sistema
寫,Write,Escribir
接,catch,atrapar
給,Give,Dar
七,seven,Siete
即,Right now,Ahora mismo
眼,Eye,Ojo
直,straight,derecho
信,letter,carta
且,and,y
滿,Full,Lleno
品,Taste,Gusto
非,No,No
報,newspaper,periódico
萬,Ten thousand,Diez mil
識,knowledge,conocimiento
門,Door,Puerta
產,Produce,Producir
記,remember,recordar
象,elephant,elefante
數,number,número
量,quantity,cantidad
落,fall,caer
展,exhibition,exhibición
思,think,pensar
改,change,cambiar
該,Should,Debería
讓,let,dejar
打,beat,derrotar
院,hospital,hospital
海,ocean,océano
六,six,seis
西,West,Oeste
運,transport,transporte
千,thousand,mil
談,talk,hablar
候,wait,esperar
樂,happy,feliz
完,over,encima
式,Mode,Modo
母,mother,madre
醫,medical,médico
取,Pick,Elegir
呢,Woolen cloth,Paño de lana
整,all,todo
際,international,internacional
字,Character,Personaje
程,Procedure,Procedimiento
考,Test,Prueba
張,open,abierto
務,service,servicio
持,hold,sostener
步,step,paso
父,father,padre
切,cut,cortar
造,make,hacer
南,South,Sur
病,sick,enfermo
資,capital,capital
議,discuss,conversar
獨,alone,solo
強,powerful,poderoso
質,quality,calidad
決,decide,decidir
容,Allow,Permitir
聽,listen,escuchar
死,die,morir
雖,although,a pesar de
喜,happiness,felicidad
帶,bring,traer
指,refer to,referirse a
東,East,Este
靜,quiet,tranquilo
音,sound,sonido
戰,war,guerra
計,count,contar
單,one,uno
濟,economy,economía
語,language,idioma
基,base,base
甚,very,muy
讀,read,leer
輕,light,luz
存,live,vivir
若,like,como
男,male,masculino
絕,Absolutely,Absolutamente
故,Therefore,Por lo tanto
示,Show,Espectáculo
區,district,distrito
歲,age,edad
管,Tube,Tubo
設,set up,configuración
極,pole,polo
保,Save,Ahorrar
眾,public,público
似,like,como
調,tune,melodía
始,beginning,comienzo
離,Leave,Dejar
告,tell,decir
邊,side,lado
類,kind,amable
條,strip,banda
具,Tool,Herramienta
友,friend,amigo
係,Tie,Atar
林,Forest,Bosque
仍,still,aún
令,make,hacer
境,territory,territorio
府,Mansion,Palacio
除,remove,eliminar
爭,fight,luchar
裡,inside,adentro
需,need,necesidad
快,quick,rápido
精,Refined,Refinado
根,root,raíz
片,piece,pedazo
件,pieces,piezas
苦,bitter,amargo
值,value,valor
紅,red,rojo
吃,eat,comer
住,live,vivir
態,state,estado
須,Must,Debe
早,morning,mañana
舉,Lift,Elevar
轉,change,cambiar
燈,lamp,lámpara
英,Britain,Gran Bretaña
笑,laugh,reír
連,even,incluso
另,Other,Otro
引,lead,dirigir
易,easy,fácil
血,Blood,Sangre
否,no,No
導,guide,guía
星,star,estrella
婚,marriage,casamiento
樹,Tree,Árbol
畫,painting,cuadro
首,head,cabeza
熱,hot,caliente
斷,break,romper
廣,wide,ancho
段,part,parte
般,general,general
委,committee,comité
局,bureau,oficina
史,history,historia
究,study,estudiar
乎,almost,casi
夢,Dream,Sueño
夫,husband,marido
歷,calendar,calendario
馬,horse,caballo
價,price,precio
土,earth,tierra
聯,link,enlace
術,technique,técnica
軍,military,militar
較,compare,comparar
願,willing,deseoso
格,grid,red
顯,show,espectáculo
錢,money,dinero
希,hope,esperanza
確,correct,correcto
亦,as well as,así como
推,push,empujar
半,Half,Medio
研,research,investigación
續,Continued,Continuado
香,fragrant,fragante
越,cross,cruz
達,reach,alcanzar
雙,pair,par
響,ring,anillo
足,foot,pie
依,according to,de acuerdo a
朋,friend,amigo
懷,pregnant,embarazada
角,horn,bocina
歡,joyous,jubiloso
紀,discipline,disciplina
圖,picture,imagen
致,To,A
隨,Follow,Seguir
消,remove,eliminar
鄉,Township,Municipio
終,end,fin
竟,actually,de hecho
據,according to,de acuerdo a
永,forever,para siempre
節,Festival,Festival
校,school,escuela
標,mark,marca
亞,Asia,Asia
刻,carve,esculpir
構,structure,estructura
火,fire,fuego
勢,potential,potencial
包,Bag,Bolsa
待,treat,tratar
怎,How,Cómo
服,Clothes,Ropa
痛,pain,dolor
系,Tie,Atar
素,white,blanco
商,business,negocio
層,layer,capa
環,ring,anillo
韓,Korea,Corea
衛,guard,guardia
歌,Song,Canción
青,green,verde
士,scholar,erudito
低,Low,Bajo
傷,hurt,herir
免,waived,renunciado
稱,say,decir
充,charge,cargar
集,set,colocar
項,item,artículo
領,collar,cuello
嗎,?,?
德,virtue,virtud
例,example,ejemplo
約,about,acerca de
聞,smell,oler
群,group,grupo
辦,manage,administrar
食,Food,Alimento
嚴,strict,estricto
驗,test,prueba
收,receive,recibir
族,clan,clan
漸,gradually,gradualmente
參,ginseng,ginseng
策,policy,política
陸,land,tierra
木,Wood,Madera
細,thin,delgado
規,regulation,regulación
底,end,fin
雨,rain,lluvia
園,garden,jardín
試,try,intentar
房,house,casa
草,Grass,Césped
古,antiquity,antigüedad
增,increase,aumentar
黃,yellow,amarillo
密,dense,denso
找,try to find,intenta encontrar
景,scene,escena
創,create,crear
藥,medicine,medicamento
證,certificate,certificado
黑,black,negro
僅,only,solo
興,prosper,prosperar
功,achievement,logro
晚,Night,Noche
福,blessing,bendición
陽,Positive,Positivo
久,Long,Largo
劇,drama,drama
倒,fall,caer
斯,Sri Lanka,Sri Lanka
悲,sad,triste
況,condition,condición
照,According to,De acuerdo a
突,sudden,repentino
坐,sit,sentarse
追,Chase,Perseguir
息,interest,interés
善,good,bien
科,division,división
居,live,vivir
費,fee,tarifa
元,Yuan,Yuan
盡,exhaust,escape
庭,court,corte
叫,Call,Llamar
春,spring,primavera
拉,pull,jalar
筆,Pen,Bolígrafo
破,break,romper
級,class,clase
排,Row,Fila
案,case,caso
注,Note,Nota
亮,Bright,Brillante
樓,building,edificio
繼,follow,seguir
效,effect,efecto
習,habit,hábito
專,Specialize,Especializarse
維,dimension,dimensión
限,limit,límite
責,responsibility,responsabilidad
夠,enough,suficiente
官,official,oficial
富,rich,rico
準,allow,permitir
演,play,jugar
初,early,temprano
港,port,puerto
組,Group,Grupo
屬,genus,género
施,Shi,Shi
王,king,rey
執,Execute,Ejecutar
室,room,habitación
康,Healthy,Saludable
復,complex,complejo
留,Keep,Mantener
簡,simple,simple
陳,List,Lista
客,guest,invitado
班,class,clase
益,beneficial,beneficioso
街,street,calle
異,different,diferente
假,Fake,Falso
怕,Afraid,Asustado
查,check,controlar
媽,mom,mamá
協,Association,Asociación
野,wild,salvaje
靈,spirit,espíritu
投,cast,elenco
承,inherit,heredar
球,ball,pelota
職,position,posición
舊,old,viejo
跟,and,y
微,micro,micro
藝,art,arte
阿,A,A
司,manage,administrar
幸,fortunate,afortunado
爾,you,tú
份,share,compartir
楊,Yang,yang
石,stone,piedra
背,back,atrás
送,deliver,entregar
飛,fly,volar
麗,Korea,Corea
率,Rate,Tasa
緊,tight,ajustado
李,plum,ciruela
站,stand,pararse
吧,Bar,Bar
零,zero,cero
備,Prepare,Preparar
播,broadcast,transmisión
革,leather,cuero
句,sentence,oración
綠,green,verde
請,please,por favor
適,suitable,adecuado
支,branch,rama
講,speak,hablar
尤,especially,especialmente
抗,anti-,anti-
超,overtake,adelantar
啊,ah,ah
城,city,ciudad
預,pre,pre
供,for,para
奇,strange,extraño
獲,get,conseguir
負,burden,carga
浪,wave,ola
曲,song,canción
穿,wear,tener puesto
篇,Chapter,Capítulo
雲,cloud,nube
助,help,ayuda
派,group,grupo
省,Province,Provincia
階,level,nivel
隻,Only,Solo
團,group,grupo
害,Harmful,Dañino
算,Calculate,Calcular
克,gram,gramo
河,river,río
溫,temperature,temperatura
謂,predicate,predicado
討,discuss,conversar
驚,shock,choque
冷,cold,frío
良,good,bien
財,fiscal,fiscal
借,borrow,pedir prestado
尋,seek,buscar
急,urgent,urgente
答,answer,respuesta
評,comment,comentario
顧,Gu,Gu
龍,dragon,dragón
止,end,fin
配,match,fósforo
忘,forget,olvidar
愈,heal,sanar
味,taste,gusto
某,certain,cierto
衣,Clothes,Ropa
護,protect,proteger
停,stop,detener
判,judge,juez
休,stop,detener
呼,call,llamar
誰,who,OMS
均,all,todo
散,scattered,disperso
買,purchase,compra
館,pavilion,pabellón
困,Sleepy,Somnoliento
積,product,producto
臨,Pro,Pro
訴,sue,demandar
課,class,clase
檢,check,controlar
秋,Autumn,Otoño
退,retreat,retiro
固,solid,sólido
壓,press,prensa
歐,Europe,Europa
農,farmer,agricultor
布,cloth,paño
短,short,corto
村,village,aldea
版,version,versión
腳,foot,pie
雜,miscellaneous,misceláneas
婦,woman,mujer
營,camp,acampar
醒,Awake,Despierto
健,healthy,saludable
臉,Face,Rostro
銀,silver,plata
印,print,imprimir
唯,only,solo
宣,announce,anunciar
律,law,ley
換,Change,Cambiar
擔,bear,oso
緣,edge,borde
號,Number,Número
述,describe,describir
寧,rather,bastante
忽,suddenly,de repente
技,technology,tecnología
朝,towards,hacia
油,Oil,Aceite
皮,Skin,Piel
線,Wire,Cable
葉,leaf,hoja
守,keep,mantener
料,material,material
源,source,fuente
裝,Pack,Embalar
透,through,a través de
既,now that,ahora que
逐,chase,perseguir
養,keep,mantener
修,build,construir
烈,strong,fuerte
眠,sleep,dormir
睡,sleep,dormir
紙,Paper,Papel
貴,expensive,caro
靠,Depend on,Depender de
戲,play,jugar
拿,take,llevar
歸,return,devolver
狀,shape,forma
企,enterprise,empresa
列,List,Lista
忍,Tolerate,Tolerar
潮,tide,marea
私,private,privado
訊,News,Noticias
遇,encounter,encontrar
型,type,tipo
堅,firm,firme
沙,sand,arena
亂,chaos,caos
差,Difference,Diferencia
採,Pick,Elegir
腦,brain,cerebro
漫,comic,cómic
窗,window,ventana
菜,vegetable,verdura
掉,Lose,Perder
脂,fat,gordo
唱,Sing,Cantar
惡,evil,demonio
抱,hug,abrazo
漢,Chinese,Chino
雄,male,masculino
察,inspect,inspeccionar
擁,possess,poseer
童,child,niño
端,end,fin
里,inside,adentro
戀,love,amar
概,Overview,Descripción general
餘,Remain,Permanecer
肯,Ken,Conocido
速,speed,velocidad
酒,liquor,espíritu
慮,consider,considerar
互,mutual,mutual
威,power,fuerza
憶,recall,recordar
洲,continent,continente
禮,present,presente
訪,visit,visita
默,silent,silencioso
剛,Just,Justo
恐,fear,miedo
戶,household,familiar
模,mold,moho
激,exciting,emocionante
蛋,Egg,Huevo
迷,fan,admirador
露,dew,rocío
典,classic,clásico
疑,suspect,sospechar
遊,tour,recorrido
勞,labor,mano de obra
妳,you,tú
岸,shore,costa
忙,busy,ocupado
武,Wu,Wu
防,Defend,Defender
升,Lift,Elevar
患,suffer from,padecer
掌,Palm,Palmera
織,weave,tejer
趣,interest,interés
努,Nu,Nu
授,teach,enseñar
握,grip,agarre
江,River,Río
沈,sink,hundir
險,risk,riesgo
午,noon,mediodía
塊,piece,pedazo
遍,all over,por todas partes
錯,wrong,equivocado
煙,cigarette,cigarrillo
移,shift,cambio
範,Fan,Admirador
危,Danger,Peligro
症,disease,enfermedad
缺,lack,falta
避,avoid,evitar
陣,Array,Formación
着,With,Con
鐵,iron,hierro
鞋,shoe,zapato
額,Forehead,Frente
屋,Room,Habitación
左,Left,Izquierda
檳,Penang,Penang
脫,take off,despegar
舞,dance,bailar
途,way,forma
乃,So,Entonces
座,seat,asiento
純,pure,puro
補,repair,reparar
遺,legacy,legado
哥,elder brother,hermano mayor
店,shop,comercio
探,explore,explorar
榔,palm,palmera
玩,Play,Jugar
衝,rush,correr
章,chapter,capítulo
吸,suck,chupar
圍,surround,rodear
席,seat,asiento
羅,Luo,luo
予,give,dar
周,week,semana
暗,dark,oscuro
爸,dad,papá
票,ticket,boleto
賣,Sell,Vender
寂,lonely,solitario
波,Wave,Ola
狂,mad,enojado
禁,ban,prohibición
豪,Hao,hao
擇,select,seleccionar
田,field,campo
紛,riot,disturbio
莫,Mo,Mes
閒,idle,inactivo
頓,Dayton,Dayton
徵,levy,exacción
括,include,incluir
析,analyze,analizar
淚,tear,lágrima
略,slightly,levemente
觸,touch,tocar
減,reduce,reducir
肉,Meat,Carne
鐘,bell,campana
順,Shun,Rehuir
隱,hidden,oculto
亡,Death,Muerte
央,central,central
尊,respect,respeto
弟,younger brother,hermano menor
批,batch,lote
擊,hit,golpear
棄,abandoned,abandonado
淡,light,luz
湖,lake,lago
藉,borrow,pedir prestado
降,drop,gota
頁,Page,Página
副,vice,vicio
彩,color,color
揮,wave,ola
熟,Ripe,Maduro
束,bundle,manojo
療,treatment,tratamiento
練,practice,práctica
翻,turn,doblar
虎,Tiger,Tigre
享,Enjoy,Disfrutar
含,Contains,Contiene
延,extend,extender
慢,slow,lento
憂,worry,preocuparse
折,fold,doblar
製,system,sistema
頂,top,arriba
傾,pour,derramar
劃,row,fila
尚,still,aún
稅,Tax,Impuesto
蕭,Xiao,xiao
壞,bad,malo
志,ambition,ambición
怪,Strange,Extraño
普,general,general
洋,foreign,extranjero
誠,Sincerity,Sinceridad
謝,Thanks,Gracias
鮮,fresh,fresco
偶,even,incluso
優,excellent,excelente
彈,bomb,bomba
榮,glory,gloria
錄,record,registro
乾,Dry,Seco
冰,ice,hielo
詞,word,palabra
雪,Snow,Nieve
孤,solitary,solitario
您,you,tú
智,wisdom,sabiduría
索,So,Entonces
酸,acid,ácido
繁,Traditional,Tradicional
蘇,Su,Su
釋,release,liberar
針,Needle,Aguja
厚,thick,grueso
圓,round,redondo
惜,Cherish,Apreciar
救,save,ahorrar
沉,sink,hundir
祖,Ancestor,Antepasado
跳,Jump,Saltar
髮,hair,cabello
序,sequence,secuencia
毒,poison,veneno
浮,float,flotar
訓,training,capacitación
君,Jun,Jun
器,device,dispositivo
妻,wife,esposa
寬,Width,Ancho
架,shelf,estante
編,compile,compilar
偏,partial,parcial
楚,Chu,Chu
泥,mud,lodo
飯,meal,comida
柔,soft,suave
牽,lead,dirigir
畢,complete,completo
貿,trade,comercio
夏,summer,verano
廠,factory,fábrica
敢,dare,atrevimiento
皆,all,todo
哀,sorrow,pena
寒,cold,frío
欣,happy,feliz
置,set,colocar
銷,pin,alfiler
隊,Team,Equipo
刀,knife,cuchillo
掛,hang,colgar
殺,kill,matar
縣,county,condado
遭,suffered,sufrió
旁,beside,al lado de
船,Boat,Bote
鼓,drum,tambor
勝,win,ganar
卡,Card,Tarjeta
堆,heap,montón
弱,weak,débil
植,plant,planta
蘭,orchid,orquídea
右,right,bien
彼,Him,A él
癌,cancer,cáncer
登,board,junta
競,compete,competir
飄,float,flotar
堂,hall,sala
妹,sister,hermana
島,island,isla
床,bed,cama
染,dye,teñir
渡,cross,cruz
警,police,policía
貪,greedy,avaro
魚,fish,pez
劉,Liu,Liu
擴,expand,expandir
桌,table,mesa
溝,ditch,zanja
濃,concentrated,concentrado
虛,empty,vacío
巴,-bar,-bar
憲,constitution,constitución
欲,want,desear
毛,hair,cabello
牛,ox,buey
絲,Silk,Seda
複,complex,complejo
凡,Fan,Admirador
吉,lucky,afortunado
喝,drink,beber
域,domain,dominio
幫,help,ayuda
材,material,material
股,share,compartir
仰,admire,admirar
尼,Nigeria,Nigeria
招,trick,truco
麻,numb,adormecer
刺,prick,pinchazo
挑,pick,elegir
旅,trip,viaje
暴,violence,violencia
盛,prosperous,próspero
藏,Tibetan,tibetano
諸,various,varios
刊,journal,diario
套,set,colocar
媒,media,medios de comunicación
搖,shake,agitar
敗,defeat,fracaso
朵,Duo,Dúo
附,attached,adjunto
昨,yesterday,ayer
耳,Ear,Oreja
胸,chest,pecho
貨,goods,bienes
輝,Hui,hui
隔,separated,apartado
介,between,entre
吹,blow,explotar
抽,smoke,fumar
映,reflect,reflejar
秘,secret,secreto
納,accept,aceptar
豐,rich,rico
輪,wheel,rueda
帝,emperor,emperador
彷,imitation,imitación
愁,worry,preocuparse
泰,Thai,tailandés
衡,balance,balance
跑,run,correr
乏,lack,falta
奔,run,correr
幻,magical,mágico
怨,blame,culpa
懂,Understand,Entender
昏,faint,débil
牌,Card,Tarjeta
築,build,construir
荒,shortage,escasez
鬧,noisy,ruidoso
孔,hole,agujero
恨,hatred,odio
晨,morning,mañana
睛,eye,ojo
誤,error,error
趕,rush,correr
齊,together,juntos
垂,hang down,colgar
寶,precious,precioso
慣,used,usado
擺,put,poner
替,for,para
茶,Tea,Té
融,melt,derretir
賞,reward,premio
骨,bone,hueso
塵,dust,polvo
宜,should,debería
州,state,estado
廳,hall,sala
彿,Buddha,Buda
攤,stall,parar
涉,involve,involucrar
緒,thread,hilo
緩,slow,lento
縱,vertical,vertical
聚,gather,recolectar
鏡,mirror,espejo
鳥,bird,pájaro
姻,marriage,casamiento
揚,Yang,yang
測,test,prueba
牠,it,él
硬,hard,duro
縮,shrink,encoger
谷,valley,valle
趨,trend,tendencia
遷,move,mover
射,shoot,disparar
干,Dry,Seco
橋,bridge,puente
距,distance,distancia
轎,sedan chair,silla de manos
郭,Guo,guo
佔,occupy,ocupar
尺,ruler,gobernante
敬,respect,respeto
枝,branch,rama
混,mix,mezcla
灰,Ash,Ceniza
狗,dog,perro
竹,bamboo,bambú
罪,crime,delito
雞,chicken,pollo
餐,meal,comida
伸,stretch,estirar
嘴,Mouth,Boca
巧,skillful,hábil
彭,Peng,Peng
獻,offer,oferta
磨,grind,moler
籍,membership,afiliación
壯,strong,fuerte
控,control,control
杜,Du,Du
毫,millimeter,milímetro
牙,tooth,diente
載,load,carga
雷,thunder,trueno
顆,grain,grano
佛,Buddha,Buda
兵,soldiers,soldados
培,train,tren
審,trial,ensayo
旦,dawn,amanecer
淋,shower,ducha
蓋,build,construir
奮,work hard,atarearse
窮,poverty,pobreza
罷,stop,detener
賽,race,carrera
陷,trap,trampa
頗,quite,bastante
飲,drink,beber
俗,vulgar,vulgar
婆,Po,Correos
幅,frame,marco
暫,temporarily,temporalmente
曹,Cao,cao
杯,cup,taza
滋,Zi,zi
牆,wall,muro
監,supervise,supervisar
糖,sugar,azúcar
膽,courage,coraje
莊,village,aldea
陰,Negative,Negativo
倫,London,Londres
嘗,taste,gusto
宗,Zong,Zong
擾,disturb,molestar
敏,sensitive,sensible
款,payment,pago
鬥,fight,luchar
齡,age,edad
俄,Russian,ruso
抬,lift,elevar
柯,Ke,ke
殘,disabled,desactivado
涼,cold,frío
湧,gushing,efusivo
番,Fan,Admirador
符,symbol,símbolo
累,tired,cansado
藍,blue,azul
閃,flash,destello
雅,elegant,elegante
孫,sun,sol
板,plate,lámina
森,forest,bosque
碎,broken,roto
鬆,loose,perder
丈,ten feet,diez pies
京,Beijing,Pekín
喪,funeral,funeral
拜,bye,adiós
珍,Jane,jane
甘,sweet,dulce
跡,trace,rastro
返,return,devolver
促,promote,promover
哲,Zhe,Zhe
喊,call,llamar
巨,huge,enorme
拍,shoot,disparar
穩,stable,estable
貧,poor,pobre
付,pay,pagar
估,estimate,estimar
儘,exhaust,escape
凝,condense,condensar
啟,start,comenzar
妙,wonderful,maravilloso
旗,flag,bandera
昇,Lift,Elevar
礦,mine,mío
耶,yeah,sí
脅,threaten,amenazar
辛,pungent,acre
辭,Ci,Ci
兄,Brother,Hermano
哭,cry,llorar
屆,session,sesión
廢,waste,desperdiciar
暖,warm,cálido
橫,horizontal,horizontal
猶,still,aún
聖,holy,santo
菊,chrysanthemum,crisantemo
貌,appearance,apariencia
賴,rely,confiar
霧,fog,niebla
仔,young,joven
勇,brave,corajudo
寞,lonely,solitario
封,seal up,sellar
洗,wash,lavar
琴,piano,piano
諾,promise,promesa
辯,debate,debate
週,week,semana
麥,wheat,trigo
伴,companion,compañero
幕,screen,pantalla
敘,narrate,narrar
涵,Han,han
裂,crack,grieta
壁,wall,muro
弄,alley,callejón
慧,Wisdom,Sabiduría
焦,focus,enfocar
痕,mark,marca
薄,Thin,Delgado
裁,cut,cortar
迴,return,devolver
邱,Qiu,Qiu
障,barrier,barrera
坡,slope,pendiente
季,season,estación
淨,net,neto
疾,disease,enfermedad
皇,emperor,emperador
肅,solemn,solemne
描,trace,rastro
核,nuclear,nuclear
爬,climb,trepar
蓮,lotus,loto
訂,order,orden
仁,Benevolence,Benevolencia
坦,Tan,Broncearse
奈,nano,nanómetro
滴,drop,gota
災,disaster,desastre
瑞,Rui,rui
盤,plate,lámina
輸,lose,perder
逃,escape,escapar
遙,remote,remoto
魂,soul,alma
姿,posture,postura
徹,thorough,exhaustivo
搬,move,mover
爐,furnace,horno
盼,hope,esperanza
祝,wish,desear
稍,a little,un poco
胞,cells,células
踏,tread,pisada
迎,welcome,bienvenido
博,Bo,Bo
姓,surname,apellido
姊,sister,hermana
寄,send,enviar
幹,Dry,Seco
幽,quiet,tranquilo
末,end,fin
犯,commit,comprometerse
督,Governor,Gobernador
稿,draft,borrador
肩,shoulder,hombro
脈,pulse,legumbres
貢,tribute,homenaje
閱,read,leer
闊,wide,ancho
飾,Decorate,Decorar
塑,plastic,plástico
泛,pan-,cacerola-
溪,creek,arroyo
礎,foundation,base
米,rice,arroz
售,for sale,en venta
孕,pregnant,embarazada
川,Sichuan,Sichuan
幣,currency,divisa
怒,anger,enojo
肪,fat,gordo
裕,Yu,Yu
冬,winter,invierno
匆,hasty,apresurado
宇,Yu,Yu
忌,avoid,evitar
忠,Loyal,Leal
旋,spin,girar
洛,Luo,luo
煩,bother,molestar
粗,thick,grueso
芙,Fu,fu
豈,Qi,chi
躍,jump,saltar
顏,Yan,yan
勵,encourage,alentar
圈,lock up,encerrar
奏,play,jugar
悅,Joy,Alegría
慎,Be cautious,Ten cuidado
拒,refuse,rechazar
擦,wipe,limpiar
曉,dawn,amanecer
燒,burn,quemar
秀,show,espectáculo
伯,uncle,tío
佳,good,bien
哈,ha,Ja
戴,Wear,Tener puesto
按,according to,de acuerdo a
珠,beads,rosario
誌,ambition,ambición
豆,bean,frijol
邦,state,estado
頻,frequency,frecuencia
魯,Lu,Lu
咖,coffee,café
啡,coffee,café
埋,bury,enterrar
堪,worthy,valioso
措,measures,medidas
擠,squeeze,estrujar
槍,gun,pistola
洞,Hole,Agujero
滅,destroy,destruir
濫,indiscriminate,indistinto
碧,Bi,Bi
糊,paste,pasta
署,Department,Departamento
讚,praise,elogio
賢,virtuous,virtuoso
鬱,Depressed,Deprimido
鬼,ghost,fantasma
佈,cloth,paño
娘,mother,madre
崇,worship,culto
損,damage,daño
操,Hold,Sostener
殊,special,especial
疏,sparse,escaso
羽,feather,pluma
軟,soft,suave
逝,pass away,pasar
遲,Late,Tarde
呈,submit,entregar
獎,award,otorgar
巿,city,ciudad
拋,throw,tirar
振,vibrate,vibrar
璃,glass,vaso
盆,pot,olla
瞭,Got it,Entiendo
簽,sign,firmar
網,net,neto
茫,vast,vasto
違,Violate,Violar
閉,close,cerca
傘,umbrella,paraguas
兼,simultaneous,simultáneo
匯,exchange,intercambio
哪,where,dónde
奉,serve,atender
徑,path,camino
懼,fear,miedo
拐,turn around,Giro de vuelta
抵,arrive,llegar
滾,roll,rollo
煤,coal,carbón
爆,burst,explosión
臟,dirty,sucio
航,sail,navegar
袋,bag,bolsa
詳,detailed,detallado
輩,generation,generación
迫,force,fuerza
醉,drunk,ebrio
閣,pavilion,pabellón
震,shock,choque
龐,Pang,Angustia
刑,punishment,castigo
吳,Wu,Wu
塞,plug,enchufar
尾,tail,cola
屈,bend,doblar
撥,dial,marcar
擬,plan,plan
游,tour,recorrido
粉,pink,rosa
艱,difficult,difícil
覆,cover,cubrir
謀,seek,buscar
購,purchase,compra
邁,Mai,mayo
邀,invite,invitar
隆,Long,Largo
偉,great,excelente
偷,steal,robar
億,100 million,100 millones
夕,evening,noche
姐,sister,hermana
嬰,infant,niño
尿,Urine,Orina
幼,young,joven
徒,only,solo
恩,kindness,amabilidad
慾,want,desear
扮,pretend,pretender
淺,shallow,poco profundo
疲,tired,cansado
繞,around,alrededor
蕩,swing,balancearse
診,diagnosis,diagnóstico
貼,stick,palo
鹽,Salt,Sal
串,string,cadena
余,Remain,Permanecer
倍,times,veces
剩,leftover,sobrante
卷,roll,rollo
呀,ah,ah
峰,peak,cima
巷,lane,carril
循,follow,seguir
抑,suppress,reprimir
敵,enemy,enemigo
杖,stick,palo
松,loose,perder
汗,sweat,sudor
滑,slip,deslizar
濕,wet,húmedo
炸,fry,freír
爛,rotten,podrido
玻,glass,vaso
繫,Tie,Atar
蝶,butterfly,mariposa
貓,cat,gato
販,hawker,vendedor ambulante
逵,Kui,kui
鄰,adjacent,adyacente
醇,alcohol,alcohol
鎮,town,ciudad
陌,street,calle
陶,pottery,cerámica
妥,appropriate,adecuado
彎,bend,doblar
攻,attack,ataque
污,dirty,sucio
潤,Run,Correr
玉,Jade,Jade
碰,bump,bulto
躺,lie,mentir
陪,accompany,acompañar
丹,Dan,Dan
乘,take,llevar
仙,Fairy,Hada
喚,call,llamar
嘆,sigh,suspiro
壇,altar,altar
悟,enlightenment,ilustración
扎,tie,atar
托,Trust,Confianza
拔,pull,jalar
攝,photograph,fotografía
柴,firewood,leña
潔,clean,limpio
肺,lung,pulmón
腸,intestinal,intestinal
苗,Seedling,Planta de semillero
葛,Ge,Ge
蒼,Cang,Cang
輛,vehicle,vehículo
鎖,Lock,Cerrar
冒,risk,riesgo
宮,palace,palacio
悄,quiet,tranquilo
悔,regret,arrepentirse
搞,do,hacer
洩,vent,respiradero
甲,First,Primero
跨,across,al otro lado de
召,summon,convocar
憐,pity,lástima
插,Insert,Insertar
摸,touch,tocar
昔,past,pasado
沖,rush,correr
沿,along,a lo largo de
添,add,agregar
淇,Qi,chi
濤,Tao,tao
猛,fierce,feroz
甜,sweet,dulce
申,state,estado
瘦,thin,delgado
綿,cotton,algodón
耕,plow,arado
誕,birth,nacimiento
譬,analogy,analogía
乳,milk,leche
併,and,y
割,cut,cortar
勤,diligent,diligente
慘,miserable,miserable
掙,earn,ganar
液,liquid,líquido
燕,Yan,yan
粒,grain,grano
胡,Hu,hu
舒,Shu,Shu
袖,sleeve,manga
貶,derogatory,despectivo
貸,loan,préstamo
赴,go,ir
跌,fall,caer
蹤,trace,rastro
輯,edit,editar
辜,guilty,culpable
逢,meet,encontrarse
飽,full,lleno
餅,cake,pastel
魔,magic,magia
占,occupy,ocupar
廿,twenty,veinte
惑,confused,confundido
愚,stupid,estúpido
慶,celebrate,celebrar
戒,quit,abandonar
枯,dry,seco
瓦,watt,vatio
瓶,bottle,botella
翠,emerald,esmeralda
胖,fat,gordo
荷,Dutch,Holandés
譯,translate,traducir
鈴,bell,campana
阻,block,bloquear
鳴,Ming,Ming
仇,hatred,odio
坑,pit,fosa
尖,tip,consejo
挖,dig,excavar
拾,pickup,levantar
歎,sigh,suspiro
澤,Ze,ze
獸,beast,bestia
祇,Only,Solo
窄,narrow,angosto
耐,Resistant,Resistente
詢,Inquire,Preguntar
賓,Bin,Papelera
贈,gift,regalo
丁,Man,Hombre
契,deed,escritura
奶,Milk,Leche
宅,house,casa
宋,Song,Canción
峽,gorge,garganta
徐,Xu,Xu
捨,Abandon,Abandonar
斥,rebuke,reprensión
昆,Kun,Kun
梯,ladder,escalera
櫃,cabinet,gabinete
烏,black,negro
獄,prison,prisión
盟,alliance,alianza
稀,dilute,diluido
籠,cage,jaula
蓉,Rong,rong
衰,decline,rechazar
赤,red,rojo
逼,force,fuerza
馳,Chi,chi
啦,La,La
悠,You,Tú
憑,By,Por
掃,sweep,barrer
斜,incline,inclinación
朗,Long,Largo
歧,Discrepancy,Discrepancia
氏,clan,clan
漂,drift,deriva
潛,latent,latente
礙,hinder,dificultar
繪,painted,pintado
腐,Rotten,Podrido
菲,Philippines,Filipinas
謹,Sincerely,Atentamente
迅,fast,rápido
遞,hand over,Entregar
騰,Teng,teng
准,allow,permitir
匹,match,fósforo
吐,vomit,vomitar
嚼,chew,masticar
悉,Know,Saber
椅,chair,silla
棉,cotton,algodón
樸,Park,Parque
歉,apologize,disculparse
汽,steam,vapor
渴,thirsty,sediento
癡,crazy,loco
禍,disaster,desastre
穆,Mu,mu
纏,entangled,enredado
罵,scold,regañar
耀,dazzle,deslumbrar
腿,leg,pierna
芳,Fang,Colmillo
蒙,Mongolian,mongol
襲,attack,ataque
貫,through,a través de
銳,sharp,afilado
鋼,steel,acero
鍾,bell,campana
雕,carving,tallado
侵,invade,invadir
傑,Jay,Arrendajo
儀,instrument,instrumento
償,compensate,compensar
奧,profound,profundo
宿,accommodation,alojamiento
惠,benefit,beneficio
捕,catch,atrapar
撞,Collide,Chocar
株,strain,cepa
玲,Ling,Abadejo
疊,stack,pila
盾,shield,blindaje
磚,brick,ladrillo
肥,Fat,Gordo
胎,fetal,fetal
腹,belly,barriga
莎,Sha,Sha
蔬,vegetable,verdura
諧,Harmonious,Armonioso
鄧,Deng,deng
酬,reward,premio
騎,ride,conducir
慈,Kindness,Amabilidad
扭,twist,girar
援,aid,ayuda
摩,Mount,Montar
撐,support,apoyo
晶,crystal,cristal
柳,willow,sauce
洪,flood,inundación
涯,Ya,ya
燃,burn,quemar
盪,swing,balancearse
賦,endow,dotar
贏,win,ganar
麵,noodle,cabeza
伏,volt,voltio
冊,book,libro
妨,harm,dañar
宴,feast,banquete
憤,anger,enojo
拖,drag,arrastrar
晴,clear,claro
淑,Shu,Shu
灑,sprinkle,espolvorear
託,Trust,Confianza
賺,earn,ganar
辱,disgrace,desgracia
駐,stationed in,estacionado en
倡,advocate,defensor
傲,proud,orgulloso
唐,Tang,Espiga
夾,folder,carpeta
愉,pleasure,placer
扣,buckle,hebilla
抓,Grasp,Comprender
桃,Peach,Durazno
棒,Great,Excelente
汙,dirty,sucio
盞,cup,taza
眉,eyebrow,ceja
籲,appeal,apelar
糾,correct,correcto
綱,outline,describir
脆,crisp,crujiente
菸,cigarette,cigarrillo
董,Dong,Polla
蟲,insect,insecto
衷,Sincerely,Atentamente
遜,Xun,xun
采,Pick,Elegir
劍,sword,espada
叔,Uncle,Tío
吟,groan,gemido
呵,Oh,Oh
嚇,scare,susto
廟,temple,templo
憾,regret,arrepentirse
挺,quite,bastante
搭,take,llevar
殖,colonize,colonizar
漁,fish,pez
牲,sacrifice,sacrificio
狹,narrow,angosto
碌,busy,ocupado
貝,cowry,cauri
鋪,shop,comercio
鍵,key,llave
丟,leave,dejar
厭,Disgusted,Disgustado
孟,Meng,meng
慨,generous,generoso
披,Phi,Fi
挫,setback,revés
捲,roll,rollo
晃,shake,agitar
棵,tree,árbol
淪,perish,perecer
漠,desert,desierto
猜,Guess,Adivinar
盈,surplus,superávit
矛,spear,lanza
紹,Shao,shao
羊,sheep,oveja
翼,wing,ala
肚,Belly,Barriga
蔡,Tsai,Tsai
鼠,mouse,ratón
傭,commission,comisión
劑,agent,agente
叢,Cluster,Grupo
娛,entertainment,entretenimiento
寸,inch,pulgada
岩,rock,roca
嶺,ridge,cresta
帆,sail,navegar
廉,inexpensive,barato
悶,stuffy,cargado
懸,hanging,colgante
扇,fan,admirador
拓,extend,extender
掩,cover,cubrir
朱,Zhu,Zhu
氓,hooligan,gamberro
燦,Can,Poder
犧,sacrifice,sacrificio
籌,raise,aumentar
紋,pattern,patrón
罩,cover,cubrir
聰,Cong,cong
腔,cavity,cavidad
荻,Ogi,ogi
趙,Zhao,zhao
蹟,trace,rastro
躲,hide,esconder
輔,auxiliary,auxiliar
醜,ugly,feo
鑑,Appreciate,Agradecer
鳳,phoenix,fénix
仿,imitation,imitación
俠,Xia,Xia
俱,all,todo
儒,Confucianism,confucionismo
冠,crown,corona
刷,brush,cepillar
娃,baby,bebé
宏,Macro,Macro
恒,constant,constante
慕,Mu,mu
扯,pull,jalar
捐,donate,donar
掘,dig,excavar
撫,caress,caricia
梅,plum,ciruela
汪,Wang,Wang
泣,weep,llorar
泊,moor,páramo
炎,inflammation,inflamación
祕,secret,secreto
絡,network,red
聊,chat,charlar
胃,Stomach,Estómago
芽,bud,brote
賭,bet,apuesta
辨,distinguish,distinguir
郎,Lang,Lang
駛,drive,conducir
伊,Yi,yi
勁,strength,fortaleza
吞,swallow,tragar
墨,ink,tinta
宙,universe,universo
寺,temple,templo
庫,Library,Biblioteca
廈,Xia,Xia
弊,Disadvantages,Desventajas
恰,just,justo
恆,constant,constante
恕,Forgive,Perdonar
慰,comfort,comodidad
暮,twilight,crepúsculo
棟,building,edificio
漲,rise,elevar
牢,prison,prisión
祥,Xiang,Xiang
稻,rice,arroz
紐,New,Nuevo
績,Achievements,Logros
縫,seam,costura
臂,arm,brazo
舍,Abandon,Abandonar
蔭,shade,sombra
薪,salary,salario
踐,practice,práctica
券,coupon,cupón
卑,humble,humilde
婉,wan,pálido
敲,knock,golpear
斤,catty,malicioso
昂,hold head high,mantener la cabeza en alto
暢,smooth,liso
柏,cypress,ciprés
欄,column,columna
欺,bully,matón
毀,destroy,destruir
泡,Bubble,Burbuja
泉,spring,primavera
浸,dip,aderezo
溶,dissolve,disolver
溜,slip,deslizar
燭,candle,vela
狠,ruthless,implacable
矣,Yes,Sí
碼,code,código
纖,Fiber,Fibra
翎,feather,pluma
艷,Gorgeous,Espléndido
褲,pants,pantalones
遂,Then,Entonces
井,well,Bueno
俊,hansome,hansome
債,debt,deuda
儲,store,almacenar
勾,hook,gancho
圾,garbage,basura
垃,garbage,basura
弦,string,cadena
恢,restore,restaurar
惱,angry,enojado
捉,catch,atrapar
捧,hold,sostener
搶,Rob,Robar
暈,faint,débil
枚,pieces,piezas
泳,swimming,nadar
瀆,ditch,zanja
熬,boil,hervir
矮,short,corto
緻,To,A
肝,liver,hígado
蘆,reed,caña
覓,seek,buscar
郝,Hao,hao
鍊,chain,cadena
黎,Li,li
齒,tooth,diente
伍,Wu,Wu
俯,bend over,agacharse
凌,Ling,Abadejo
剪,Cut,Cortar
劣,inferior,inferior
嘛,Well,Bien
奪,seize,aprovechar
宰,slaughter,sacrificio
挽,pull,jalar
曼,Man,Hombre
梵,Brahma,Brahma
殷,Yin,Yin
氛,atmosphere,atmósfera
渾,muddy,enturbiar
澳,Australia,Australia
瑰,Rose,Rosa
瘋,crazy,loco
磅,pound,libra
腎,kidney,riñón
膀,bladder,vejiga
膜,membrane,membrana
芒,Mang,mang
蓄,save,ahorrar
虔,pious,piadoso
躁,impatient,impaciente
逆,inverse,inverso
遵,obey,cumplir
雀,bird,pájaro
顛,Dian,Dian
馨,Xin,Xin
騙,cheat,engañar
鼻,nose,nariz
傅,Fu,fu
催,urge,urgir
削,cut,cortar
剝,peel,cáscara
勉,Mian,mián
勃,Bo,Bo
勒,Le,le
厲,Li,li
孝,filial piety,piedad filial
懶,lazy,perezoso
扶,help,ayuda
攀,climb,trepar
敦,Dun,Pardo
柱,column,columna
梭,shuttle,lanzadera
澄,Clear,Claro
潑,splash,chapoteo
灌,Fill,Llenar
瓜,melon,melón
畏,fear,miedo
租,rent,alquilar
秩,rank,rango
羞,shame,lástima
翁,Weng,weng
脹,swell,hinchar
膚,skin,piel
蝴,butterfly,mariposa
裔,descendants,descendientes
謬,absurd,absurdo
郊,suburb,suburbio
錶,surface,superficie
霜,frost,helada
丸,pill,píldora
倦,tired,cansado
勸,advise,aconsejar
吾,I,I
吻,kiss,beso
喃,murmur,murmullo
嫁,marry,casarse
嫩,tender,licitación
屏,screen,pantalla
抒,express,expresar
桂,Gui,gui
湯,Soup,Sopa
漆,paint,pintar
盲,blind,ciego
碗,bowl,bol
祂,Him,A él
稚,childish,infantil
紫,purple,púrpura
綜,Comprehensive,Integral
腰,waist,cintura
舟,Boat,Bote
芬,Finn,finlandés
蒂,pedicle,pedículo
誓,oath,juramento
誼,friendship,amistad
諒,Forgive,Perdonar
譽,reputation,reputación
軌,rail,carril
遮,cover,cubrir
銘,inscription,inscripción
駕,drive,conducir
側,side,lado
呆,stay,permanecer
喧,noise,ruido
噴,spray,pulverización
姑,aunt,tía
崩,collapse,colapsar
幢,building,edificio
悵,despair,desesperación
截,cut,cortar
扁,flat,departamento
抹,wipe,limpiar
撲,flutter,aleteo
撒,spread,desparramar
桑,mulberry,mora
檔,files,archivos
沾,dip,aderezo
溢,overflow,rebosar
漏,leak,filtración
煥,Huan,Huan
睜,open eyes,ojos abiertos
碑,monument,monumento
筋,Tendon,Tendón
臥,lie down,acostarse
蛇,snake,serpiente
蜜,honey,Miel
謙,modest,modesto
鄭,Zheng,Zheng
鑽,Drill,Perforar
驕,arrogant,arrogante
鶴,crane,grúa
鹿,deer,ciervo
黯,dark,oscuro
亭,pavilion,pabellón
叮,bite,morder
咬,bite,morder
喻,metaphor,metáfora
嗔,angry,enojado
嚮,Towards,Hacia
塔,tower,torre
姆,Tom,Tomás
嫌,Dislike,Aversión
寓,apartment,departamento
帽,cap,tapa
戚,Qi,chi
扛,carry,llevar
柵,gate,puerta
瑪,Ma,Mamá
甫,just,justo
盧,Lu,Lu
碩,large,grande
箱,box,caja
虐,abuse,abuso
賄,bribe,soborno
逸,Yi,yi
鍋,pot,olla
云,cloud,nube
伙,partner,pareja
偽,fake,falso
傻,stupid,estúpido
吊,hang,colgar
堡,fort,fuerte
填,fill,llenar
媳,daughter-in-law,nuera
宛,to,a
愧,ashamed,avergonzado
懇,Sincerely,Atentamente
拆,dismantle,desmantelar
撤,withdraw,retirar
摯,sincere,sincero
暑,heat,calor
欠,owe,deber
毅,Yi,yi
津,Tianjin,Tianjín
潰,collapse,colapsar
煮,cook,cocinar
畔,beside,al lado de
眸,eye,ojo
祈,pray,orar
秤,scales,balanza
糟,Bad,Malo
締,conclude,concluir
罰,punish,castigar
膨,swell,hinchar
菌,bacteria,bacterias
衍,Yan,yan
訝,be surprised,quedar asombrado
諷,sarcasm,sarcasmo
迪,Dee,Dee
酷,cool,Frío
銅,copper,cobre
鋒,front,frente
陋,ugly,feo
髒,dirty,sucio
侶,companion,compañero
儉,frugal,frugal
咳,cough,tos
喉,throat,garganta
嘯,Howl,Aullido
岡,Oka,Oká
崗,post,correo
怖,terror,terror
揭,uncover,descubrir
擱,put,poner
攜,carry,llevar
晰,clear,claro
朽,rotten,podrido
沛,Pei,Pei
浩,Hao,hao
滄,Cang,Cang
澈,clear,claro
玫,rose,rosa
瑣,petty,insignificante
痴,crazy,loco
癮,addiction,adicción
皺,wrinkle,arruga
秒,Second,Segundo
窩,nest,nido
粹,pure,puro
紮,tie,atar
縷,thread,hilo
罹,suffer,sufrir
聳,towering,imponente
莽,reckless,imprudente
裸,bare,desnudo
誇,boast,alarde
謎,puzzle,rompecabezas
辰,Chen,Chen
迄,until,hasta
邏,logic,lógica
郵,mail,correo
釀,wine,vino
闆,plate,lámina
闢,Pirate,Pirata
雇,hire,contratar
顫,trembling,temblor
伐,Cut down,Reducir
凍,freeze,congelar
凱,Kai,Kai
凸,convex,convexo
剎,brake,freno
吵,Quarrel,Disputa
圃,garden,jardín
堤,embankment,terraplén
塗,Paint,Pintar
壽,life,vida
嬌,delicate,delicado
庸,mediocre,mediocre
廊,gallery,galería
廚,kitchen,cocina
恍,indistinct,indistinto
抉,choose,elegir
拳,fist,puño
旨,purpose,objetivo
枕,pillow,almohada
榜,list,lista
浴,bath,baño
淒,sad,triste
滔,Torrential,Torrencial
疫,epidemic,epidemia
疼,pain,dolor
碟,dish,plato
綻,bloom,floración
肌,muscle,músculo
臭,Smelly,Maloliente
舌,tongue,lengua
芭,Ba,Licenciado en Letras
葡,Portuguese,portugués
薯,Yam,batata
虧,deficit,déficit
螢,firefly,luciérnaga
註,Note,Nota
赫,He,Él
轟,boom,auge
迢,far away,lejos
鉅,huge,enorme
鞭,whip,látigo
颱,tower,torre
騷,coquettish,jugado
乖,good,bien
倚,lean on,apoyarse en
哨,post,correo
嘩,Wow,Guau
嚐,taste,gusto
囊,bag,bolsa
墜,fall,caer
壤,soil,suelo
巾,towel,toalla
帳,account,cuenta
彌,Mi,Mi
怯,cowardly,cobardemente
惟,but,pero
斗,fight,luchar
曠,vast,vasto
樁,pile,montón
歇,rest,descansar
池,pool,piscina
洶,tumultuous,tumultuoso
淹,flood,inundación
淫,kinky,rizado
潭,pool,piscina
濛,Mongolian,mongol
澀,astringent,astringente
灘,beach,playa
烤,bake,hornear
焚,burn,quemar
牧,animal husbandry,ganadería
矯,correct,correcto
稽,Ji,Ji
糙,rough,bruto
繳,pay,pagar
罐,Can,Poder
翅,wing,ala
翩,Pian,piano
萎,wilt,marchitar
蔽,shield,blindaje
薩,sa,sa
蠢,stupid,estúpido
裙,skirt,falda
譜,Spectrum,Espectro
贊,praise,elogio
輾,rolling,laminación
輿,public opinion,opinión pública
閩,Fujian,fujián
閥,valve,válvula
驅,drive,conducir
鵝,Goose,Ganso
鼎,tripod,trípode
僵,stiff,rígido
劫,tribulation,tribulación
卜,predict,predecir
叛,rebel,rebelde
唸,read,leer
喬,Joe,José
墓,tomb,tumba
墮,fall,caer
墾,cultivate,cultivar
寡,widowed,viudo
恥,shame,lástima
拚,spell,deletrear
擲,Throw,Tirar
斬,cut,cortar
栽,plant,planta
楞,Leng,longitud
殿,temple,templo
渺,vague,impreciso
漪,ripples,ondulaciones
漿,Pulp,Pulpa
炒,saute,saltear
瑋,Wei,Wei
疇,domain,dominio
瘤,tumor,tumor
瞧,Look,Mirar
肆,Four,cuatro
膝,knee,rodilla
艾,Ai,Ai
莉,Li,li
萄,grapes,uvas
蕾,bud,brote
襟,lapel,solapa
詮,interpret,interpretar
賀,Congratulations,Felicidades
蹲,squat,agacharse
郁,Depressed,Deprimido
頌,Ode,Oda
馮,Feng,feng
驟,step,paso
亟,urgently,urgentemente
仗,battle,batalla
倆,both,ambos
允,allow,permitir
凋,withered,marchito
吼,roar,rugido
喘,asthma,asma
囂,clamor,clamor
址,site,sitio
姨,Aunt,Tía
媚,charming,encantador
媜,媜,媜
履,shoe,zapato
役,service,servicio
徊,irresolute,irresoluto
憬,awaken,despertar
抖,shake,agitar
捷,Czech,checo
摘,pick,elegir
撰,Written,Escrito
攪,stir,remover
昭,Zhao,zhao
曬,sun,sol
汁,juice,jugo
熙,Xi,Xi
爺,Lord,Caballero
眷,concern,inquietud
砍,cut,cortar
筒,cylinder,cilindro
耗,consume,consumir
肖,resemble,parecerse
脖,neck,cuello
臣,minister,ministro
藩,vassal,vasallo
蝕,eclipse,eclipse
覽,View,Vista
誘,lure,señuelo
踩,step on,pisar
銜,title,título
錦,brocade,brocado
隙,gap,brecha
魁,Kui,kui
乍,first,primero
佇,stand still,estarse quieto
佩,wear,tener puesto
函,letter,carta
哦,oh,Vaya
啞,dumb,mudo
啼,cry,llorar
嗜,hobby,pasatiempo
嘻,laugh,reír
噪,noise,ruido
坎,bumpy,abultado
埃,angstrom,angstrom
塌,collapse,colapsar
壘,base,base
夷,Yi,yi
奢,extravagant,extravagante
妄,Delusion,Engaño
尹,Yin,Yin
屠,slaughter,sacrificio
帕,Pa,Pensilvania
廂,cabin,cabina
彰,Akira,akira
徘,irresolute,irresoluto
慌,panic,pánico
擋,block,bloquear
攘,throw into confusion,arrojarse a la confusión
斑,spot,lugar
曦,Xi,Xi
櫥,cabinet,gabinete
淵,deep,profundo
溺,drown,ahogar
濁,turbidity,turbiedad
煞,Evil,Demonio
爽,Cool,Fresco
狼,Wolf,Lobo
瞎,blind,ciego
祭,sacrifice,sacrificio
禽,birds,pájaros
禿,bald,calvo
秉,Bing,Bing
稼,crop,cultivo
笨,fool,tonto
箋,note,nota
繡,embroider,bordar
翔,soar,remontarse
聆,hear,escuchar
膠,glue,pegamento
茁,thrive,prosperar
茲,hereby,por la presente
萌,Cute,Lindo
蓬,Peng,Peng
虹,rainbow,arcoíris
衫,shirt,camisa
襄,Xiang,Xiang
諱,taboo,tabú
跋,postscript,posdata
輒,noisy,ruidoso
逛,visit,visita
遣,send,enviar
邪,evil,demonio
醞,brew,elaborar cerveza
醬,Sauce,Salsa
霍,Huo,Huo
霸,tyrant,tirano
靖,Jing,jing
頑,stubborn,tenaz
頒,award,otorgar
頹,decadent,decadente
魅,Charming,Encantador
鵑,cuckoo,cuco
僻,secluded,aislado
卓,Zhuo,Zhuo
哺,feed,alimentar
唇,lip,labio
夥,partner,pareja
峻,Jun,Jun
惹,provoke,provocar
戈,Ge,Ge
拂,brush,cepillar
撼,shake,agitar
昌,Chang,chang
晉,Jin,Jin
桿,rod,vara
棘,spine,columna vertebral
棋,chess,ajedrez
歪,crooked,torcido
泌,secrete,secretar
淘,Tao,tao
湊,mingle,mezclar
烘,bake,hornear
熄,extinguish,extinguir
爍,sparkle,brillar
玄,mysterious,misterioso
瑩,Ying,yin
痞,swelling of the liver,hinchazón del hígado
癖,addiction,adicción
盜,steal,robar
睹,see,ver
瞻,look forward to,pensar
砲,gun,pistola
秦,Qin,qin
穫,get,conseguir
竿,pole,polo
籤,sign,firmar
糞,manure,estiércol
耍,play,jugar
聘,hire,contratar
脣,lip,labio
膛,chamber,cámara
茂,Mao,mao
蔣,Jiang,Jiang
蘊,Yun,yun
蚊,mosquito,mosquito
蟹,crab,cangrejo
袱,bundle wrapped in cloth,paquete envuelto en tela
褪,fade,desteñir
証,certificate,certificado
誦,recite,recitar
諮,consult,consultar
謠,rumor,rumor
趁,take advantage of,aprovechar
軀,body,cuerpo
酌,discretionary,discrecional
錫,tin,estaño
霞,Xia,Xia
韻,rhyme,rima
鷹,eagle,águila
倖,fortunate,afortunado
倉,warehouse,depósito
兢,Jing,jing
冥,deep,profundo
卒,die,morir
咯,Okay,Bueno
唉,well,Bueno
嘉,Chia,chía
嘲,ridicule,ridículo
坷,rough,bruto
墳,grave,tumba
奠,lay a foundation,sentar una base
娜,Na,N / A
寮,Laos,Laos
巡,patrol,patrulla
掠,plunder,saquear
摔,fall,caer
摧,destroy,destruir
撿,pick up,levantar
框,box,caja
梳,comb,peine
棚,shed,cobertizo
樑,Liang,Liang
殼,shell,caparazón
溯,Trace back,Averiguar
煌,brilliant,brillante
甦,Su,Su
眺,overlook,pasar por alto
禪,Zen,zen
簷,eaves,alero
縛,tie,atar
繩,rope,soga
肢,limb,miembro
腫,swell,hinchar
臘,wax,cera
舖,shop,comercio
蕉,banana,banana
藷,Yam,batata
蘿,radish,rábano
蜂,bee,abeja
裳,skirts,afueras
裹,wrap,envoltura
襯,lining,recubrimiento
詭,sly,astuto
豫,Yu,Yu
貞,chastity,castidad
賤,cheap,barato
逗,tease,fastidiar
遼,Liao,Liao
釘,nail,clavo
餓,Hungry,Hambriento
饋,feed,alimentar
魄,soul,alma
鴨,duck,pato
麟,Lin,lin
丘,mound,montículo
乙,Second,Segundo
兔,rabbit,conejo
冤,injustice,injusticia
卵,egg,huevo
卸,unload,descargar
卿,Qing,Qing
吏,official,oficial
吱,squeak,chirrido
啪,snap,quebrar
嗽,cough,tos
囚,prisoner,prisionero
坊,square,cuadrado
寵,favor,favor
屑,crumbs,migajas
岳,Yue,yue
幟,flag,bandera
廝,Sis,hermana
弓,bow,arco
征,levy,exacción
忡,sad,triste
惚,indistinct,indistinto
挾,hold hostage,mantener como rehén
挨,suffer,sufrir
擅,Good at,bueno en
昊,Hao,hao
曰,say,decir
毋,not,no
澎,Peng,Peng
焉,Yan,yan
煉,practice,práctica
珊,Shan,shan
瑜,Yu,Yu
癱,Paralysis,Parálisis
瞇,squint,estrabismo
瞬,instant,instante
硝,Nitrate,Nitrato
禱,prayer,oración
穎,Ying,yin
簿,book,libro
耽,delay,demora
脊,ridge,cresta
膩,greasy,grasiento
菩,Bodhisattva,Bodhisattva
葬,burial,entierro
蘋,apple,manzana
蟻,ant,hormiga
豎,vertical,vertical
豔,Gorgeous,Espléndido
跪,kneel,arrodillarse
踢,Kick,Patada
頃,is,es
頸,neck,cuello
颯,rustle,crujido
飢,hungry,hambriento
餵,Hello,Hola
駭,startle,asustar
鴻,Hong,hong
侯,Hou,hou
倬,Zhuo,Zhuo
僕,servant,servidor
僑,Overseas Chinese,Chinos de ultramar
兮,Xi,Xi
剔,tick,garrapata
勿,do not,no
卅,thirty,treinta
吶,Na,N / A
咎,blame,culpa
嗓,voice,voz
噩,startling,alarmante
妝,makeup,constituir
屢,repeatedly,repetidamente
弗,Fu,fu
怡,Yi,yi
慚,ashamed,avergonzado
憫,pity,lástima
拘,arrest,detención
拼,spell,deletrear
拭,wipe,limpiar
掀,lift,elevar
搗,Pound,Libra
昧,Ambiguous,Ambiguo
札,Zha,Zha
梁,Liang,Liang
梢,tips,consejos
械,machinery,maquinaria
棕,brown,marrón
檯,tower,torre
氾,pan-,cacerola-
沫,foam,espuma
淌,drip,goteo
渥,Wo,Wo
渣,slag,escoria
炭,carbon,carbón
獅,lion,león
琳,Lin,lin
疆,territory,territorio
砂,sand,arena
碳,carbon,carbón
穴,hole,agujero
竊,steal,robar
筍,bamboo shoots,brotes de bambú
籬,fence,cerca
糕,cake,pastel
絆,trip,viaje
綺,Qi,chi
罕,rare,extraño
肇,Zhao,zhao
脾,spleen,bazo
芸,Yun,yun
茅,Mao,mao
茄,eggplant,berenjena
苞,bud,brote
荊,Jing,jing
菁,Jing,jing
葦,reed,caña
藤,rattan,rota
虞,Yu,Yu
蠻,quite,bastante
裴,Pei,Pei
豬,pig,cerdo
蹈,dance,bailar
辣,hot,caliente
闖,break into,forzar
阮,Ruan,Ruán
隕,fall from the sky,caer del cielo
韌,tough,difícil
驀,suddenly,de repente
鬍,Hu,hu
仞,Ren,ren
佐,Zuo,zuo
刮,shave,afeitar
匈,Hungary,Hungría
匱,deficient,deficiente
厄,Er,Eh
咄,Duh,Duh
啃,bite,morder
嘶,hiss,silbido
嚷,shout,gritar
壺,pot,olla
妒,jealous,celoso
姜,ginger,jengibre
婿,husband,marido
嬉,play,jugar
帥,handsome,elegante
忱,Sincerity,Sinceridad
悴,sad,triste
悽,sad,triste
愕,startled,asustado
憔,haggard,demacrado
揉,rub,frotar
搜,search,buscar
撕,tear,lágrima
敷,apply,aplicar
斧,ax,hacha
旺,prosperous,próspero
枉,in vain,en vano
椰,Coconut,Coco
楓,maple,arce
榕,banyan,bata oriental
毯,blanket,frazada
渠,canal,canal
灼,burn,quemar
炫,dazzle,deslumbrar
犬,dog,perro
瑟,Se,sí
瓷,porcelain,porcelana
町,town,ciudad
瘓,paralyzed,paralizado
矩,moment,momento
砌,build,construir
祉,Well-being,Bienestar
笛,flute,flauta
箭,arrow,flecha
簇,cluster,grupo
縈,linger,persistir
羨,envy,envidiar
耘,Yun,yun
耿,Geng,geng
艘,ship,barco
芝,Zhi,Zhi
芹,celery,apio
萍,Ping,Silbido
蒸,Steam,Vapor
蒐,search,buscar
蔔,predict,predecir
薑,ginger,jengibre
蟬,cicada,cigarra
賈,Jia,Jia
賠,pay,pagar
釣,fishing,pesca
鈔,banknote,billete de banco
鑼,gong,gong
隘,narrow,angosto
頰,cheek,mejilla
饒,Rao,rao
駁,barge,barcaza
鴿,pigeon,paloma
侈,extravagant,extravagante
侮,insult,insulto
僚,bureaucracy,burocracia
僱,hire,contratar
剖,dissect,disecar
咒,curse,maldición
喟,sigh,suspiro
嘟,beep,bip
嘔,vomit,vomitar
嚀,exhort,exhortar
嚨,throat,garganta
圳,Shen,shen
坤,Kun,Kun
寨,village,aldea
屁,fart,pedo
屍,corpse,cadáver
彙,exchange,intercambio
恭,respectful,respetuoso
惋,sigh,suspiro
惘,desolate,solitario
惕,be vigilant,desvelarse
憧,unsettled,inestable
扔,Throw,Tirar
捏,pinch,pellizco
摒,abandon,abandonar
撈,fishing,pesca
攸,You,Tú
曳,drag,arrastrar
枷,yoke,yugo
桶,bucket,balde
沸,boil,hervir
沮,depressed,deprimido
洽,Negotiate,Negociar
淆,confused,confundido
潘,Pan,Cacerola
濺,splash,chapoteo
烹,cooking,cocinando
煎,fry,freír
爪,claw,garra
犁,plow,arado
瑕,flaw,defecto
甩,throw away,tirar a la basura
疤,scar,cicatriz
矚,gaze,mirada
窒,suffocate,sofocar
窺,peep,mirar furtivamente
笙,Sheng,sheng
篤,Benedict,Benedicto
糧,grain,grano
綑,bundle,manojo
緬,Myanmar,Birmania
繭,cocoon,capullo
繽,colorful,vistoso
纍,tired,cansado
腺,gland,glándula
臼,mortar,mortero
苟,Gou,gou
萊,Lai,lai
葫,gourd,calabaza
蔓,vine,enredadera
蕃,Fan,Admirador
蛛,spider,araña
趟,trip,viaje
踽,hunchbacked,curcuncho
迭,overlap,superposición
逮,catch,atrapar
郤,but,pero
酣,intoxicated,embriagado
鐸,Duo,Dúo
闌,Lan,Lan
闔,close,cerca
陡,steep,empinado
陵,Mausoleum,Mausoleo
雯,Wen,wen
韋,Wei,Wei
顱,skull,cráneo
鯨,whale,ballena
黏,sticky,pegajoso
龜,turtle,tortuga
仲,Zhong,Zhong
侷,bureau,oficina
倘,if,si
偕,together,juntos
傢,Home,Hogar
兀,Wu,Wu
兇,fierce,feroz
兆,mega,mega
凄,sad,triste
匪,bandit,bandido
咕,Goo,Viscosidad
咽,pharynx,faringe
哩,Miles,Millas
喳,twitter,gorjeo
嗅,sniff,oler
嘰,grumble,queja
囑,command,dominio
垢,dirt,suciedad
奕,Yi,yi
奴,slave,esclavo
婪,Greedy,Avaro
寰,Huan,Huan
峭,steep,empinado
崖,cliff,acantilado
巍,Wei,Wei
巒,Luan,luan
巢,nest,nido
徨,Wandering,Errante
惶,anxiety,ansiedad
慄,chestnut,castaña
愴,sad,triste
憊,exhausted,exhausto
懲,punish,castigar
扒,Grill,Parrilla
抨,impeach,procesar
拱,arch,arco
拯,save,ahorrar
揀,pick,elegir
揣,surmise,conjetura
擎,Qing,Qing
攏,gather,recolectar
斌,Bin,Papelera
晝,day,día
晦,dark,oscuro
暇,leisure,ocio
柄,handle,manejar
棍,stick,palo
椎,vertebra,vértebra
榴,pomegranate,granada
檜,juniper,enebro
汲,draw,dibujar
涓,trickle,chorrito
湄,Mae,mae
漾,Yang,yang
滯,stagnation,estancamiento
漣,ripple,onda
潺,trickle,chorrito
澱,precipitate,precipitado
濱,coast,costa
瀉,diarrhea,diarrea
瀟,Xiao,xiao
瀰,Mi,Mi
烽,beacon,faro
燙,hot,caliente
狄,Di,Di
瓣,valve,válvula
癒,heal,sanar
皂,soap,jabón
盯,stare,mirada fija
眩,dizzy,mareado
磋,consult,consultar
穀,valley,valle
竭,exhaust,escape
笠,li,li
簾,curtain,cortina
粥,Porridge,Papilla
紡,spin,girar
紊,tangled,enredado
綴,embellished,embellecido
苛,harsh,duro
茸,Velvet,Terciopelo
蔥,onion,cebolla
藺,Lin,lin
蛙,frog,rana
蛻,shed,cobertizo
螞,ant,hormiga
豁,spare,repuesto
賜,bestow,otorgar
蹄,hoof,casco
逾,over,encima
遁,escape,escapar
釵,hairpin,horquilla
鈍,blunt,desafilado
霎,Instantly,Instantáneamente
餽,feed,alimentar
黝,dark green,verde oscuro
亥,Hai,Hai
仕,official,oficial
佣,commission,comisión
傍,next to,junto a
凹,concave,cóncavo
刃,edge,borde
匙,spoon,cuchara
后,back,atrás
哼,snort,bufido
囉,Hello,Hola
塚,mound,montículo
妮,Ni,Ni
姥,grandma,abuela
嫂,sister-in-law,cuñada
孰,what,qué
孽,evil,demonio
尬,embarrassed,avergonzado
尷,Embarrassed,Avergonzado
庚,Geng,geng
廓,outline,describir
徬,irresolute,irresoluto
怠,lazy,perezoso
憎,hate,odiar
懊,regret,arrepentirse
懺,repent,arrepentirse
扉,door,puerta
拙,clumsy,torpe
掏,dig,excavar
捻,twist,girar
攬,embrace,abarcar
敞,open,abierto
曇,Tan,Broncearse
棲,perch,perca
槓,bar,bar
樟,camphor,alcanfor
氧,oxygen,oxígeno
淙,Cong,cong
漬,stain,mancha
濡,moisten,humedecer
炊,cook,cocinar
炳,Bing,Bing
焰,flame,llama
熊,Bear,Oso
熾,blazing,flameante
犀,rhinoceros,rinoceronte
疚,guilty,culpable
盒,box,caja
瞪,stare,mirada fija
矗,chu,chu
矜,reserved,reservado
磁,magnetic,magnético
竄,scurry,correr
笈,Ji,Ji
篩,screen,pantalla
紗,yarn,hilo
紓,relieve,aliviar
舺,boat,bote
芋,taro,taro
芯,core,centro
苓,Ling,Abadejo
莖,stem,provenir
蔚,Wei,Wei
蝦,shrimp,camarón
裊,delicate,delicado
褐,brown,marrón
襪,socks,medias
蹊,footpath,sendero
蹺,sway,influencia
轄,Jurisdiction,Jurisdicción
迥,Very different,muy diferente
迸,burst out,salir corriendo
遏,stop,detener
釐,centimeters,centímetros
鏤,engrave,grabar
閡,gap,brecha
閨,boudoir,tocador
阱,trap,trampa
陀,Tuo,Tuo
雁,wild goose,ganso salvaje
霓,neon,neón
鬚,Must,Debe
鬢,temples,templos
鵬,Peng,Peng
鵰,carving,tallado
齣,out,afuera
丑,ugly,feo
于,At,En
伺,wait,esperar
侃,talk,hablar
偎,cuddle,abrazo
剌,stab,puñalada
剋,gram,gramo
匠,craftsman,artesano
叉,fork,tenedor
叩,knock,golpear
哎,Why,Por qué
哇,Wow,Guau
咪,Mi,Mi
哄,coax,engatusar
啜,sip,sorbo
喂,Hello,Hola
嘈,noisy,ruidoso
垮,collapse,colapsar
堵,block,bloquear
墊,pad,almohadilla
姪,nephew,sobrino
姦,evil,demonio
嫉,jealous,celoso
宵,night,noche
寥,very few,muy pocos
尉,Lieutenant,Teniente
屎,shit,mierda
屐,clog,obstruir
屜,drawer,cajón
屯,Tun,Tonel
峙,stand,pararse
嵐,Lan,Lan
庇,shelter,refugio
廬,hut,cabaña
廷,ting,tintineo
恃,rely,confiar
恬,Tian,tian
恣,wantonly,sin motivo
悼,mourn,llorar
惆,forlorn,abandonado
懦,cowardly,cobardemente
揆,揆,揆
敝,our,nuestro
杞,Qi,chi
杉,cedar,cedro
杆,rod,vara
樊,fan,admirador
橙,orange,naranja
歹,bad,malo
氯,chlorine,cloro
汐,tide,marea
沃,fertile,fértil
湃,Pai,pai
漓,Li,li
滲,seep,filtrarse
澆,pour,derramar
瀅,Ying,yin
炮,gun,pistola
烙,brand,marca
煽,fan,admirador
猴,monkey,mono
獵,hunting,caza
珮,Pei,Pei
畸,abnormal,anormal
瘡,sore,doloroso
禦,Royal,Real
稜,edge,borde
窘,embarrassed,avergonzado
筷,chopsticks,palillos
籃,basket,cesta
粽,Zong,Zong
綁,tie,atar
緘,seal,sello
繆,Miao,Miao
缸,cylinder,cilindro
羡,envy,envidiar
翱,Ao,ao
腕,wrist,muñeca
膺,Ying,yin
艋,small boat,bote pequeño
苔,moss,musgo
蜿,winding,devanado
蜒,-,-
螂,dragonfly,libélula
衲,cassock,sotana
詠,chant,cantar
詹,James,Jaime
諦,meaning,significado
謊,lie,mentir
豚,Dolphin,Delfín
貯,store,almacenar
軒,Xuan,xuan
遐,Ya,ya
遑,Not to mention,Sin mencionar
遽,suddenly,de repente
鄙,rustic,rústico
酵,yeast,levadura
鉛,lead,dirigir
鋁,aluminum,aluminio
鑰,key,llave
鑿,chisel,cincel
饑,hungry,hambriento
駝,camel,camello
鹼,base,base
黛,Dai,dai
齋,fast,rápido
丰,rich,rico
乞,beg,mendigar
亙,through,a través de
佼,handsome,elegante
俐,Li,li
偵,reconnaissance,reconocimiento
僧,monk,monje
儼,Yan,yan
兜,pocket,bolsillo
冀,hope,esperanza
凶,fierce,feroz
厝,house,casa
叭,Ba,Licenciado en Letras
吆,shout,gritar
咀,chew,masticar
咱,we,nosotros
咻,call out,gritar
喇,La,La
嗯,Um,Eh
噸,ton,tonelada
噬,bite,morder
埸,field,campo
壟,ridge,cresta
妃,concubine,concubina
妓,prostitute,prostituta
姬,Ji,Ji
嫵,flatter,halagar
嬗,transmute,transmutar
嬤,ma,mamá
岱,Dai,dai
峋,勋,勋
嵌,embedded,incorporado
帖,post,correo
弔,hang,colgar
彬,Bin,Papelera
怔,Startled,Asustado
惻,sad,triste
慷,generous,generoso
憩,rest,descansar
懵,stupid,estúpido
戍,garrison,guarnición
戮,kill,matar
扳,pull,jalar
押,charge,cargar
挪,move,mover
搥,hammer,martillo
摻,dope,droga
摹,copy,Copiar
旳,旳,旳
晤,meet,encontrarse
曖,warm,cálido
曝,exposed,expuesto
杏,apricot,albaricoque
槳,paddle,paleta
櫻,cherry,cereza
汝,Ru,ru
沐,Mu,mu
汰,Eliminate,Eliminar
沼,Swamp,Pantano
渦,eddy,remolino
溉,irrigate,irrigar
滌,polyester,poliéster
瀾,Lan,Lan
炙,broil,asar
炯,bright,brillante
熔,melt,derretir
燥,dry,seco
燼,ember,ascua
犖,Nao,Nao
狐,fox,zorro
珂,Ke,ke
畦,plot,trama
疵,defect,defecto
痰,phlegm,flema
痺,paralysis,parálisis
皓,Hao,hao
盅,cup,taza
盹,nap,siesta
眨,blink,parpadear
睫,eyelashes,pestañas
瞄,aim,apuntar
瞳,Hitomi,Hitomi
磷,phosphorus,fósforo
礁,reef,arrecife
秧,seedling,planta de semillero
粧,makeup,constituir
絨,velvet,terciopelo
纜,cable,cable
翰,John,John
肋,rib,costilla
膏,paste,pasta
范,Fan,Admirador
菠,spinach,espinaca
蕪,Wu,Wu
蕻,budding,en ciernes
蜘,spider,araña
蟑,cockroach,cucaracha
裨,benefit,beneficio
詐,fraud,fraude
譚,Tan,Broncearse
譏,ridicule,ridículo
踉,jump,saltar
踱,pace,paso
蹌,stagger,escalonar
蹣,stagger,escalonar
迤,winding,devanado
迺,Nei,nei
逄,Pang,Angustia
邃,mysterious,misterioso
鋤,hoe,azada
闡,elucidate,dilucidar
阪,Han,han
隧,tunnel,túnel
霉,mold,moho
騁,gallop,galope
骯,dirty,sucio
骸,skeleton,esqueleto
髓,marrow,médula
鴉,crow,cuervo
仆,servant,servidor
佑,bless,bendecir
俺,I,I
偌,So,Entonces
倏,Sudden,Repentino
凰,phoenix,fénix
凳,stool,heces
划,row,fila
刪,delete,borrar
劈,hack,cortar
卉,flower,flor
厥,Jue,jue
吮,suck,chupar
呻,groan,gemido
咚,Boom,Auge
哉,Zai,zai
咫,Yeah,Sí
啤,beer,cerveza
唳,唳,唳
啻,啻,啻
啾,Chirp,Chirrido
嗤,laugh,reír
嗆,choke,ahogo
噓,Shhh,Shhh
噎,choke,ahogo
噹,when,cuando
嚕,chatter,charla
嚥,pharynx,faringe
垠,Yin,Yin
墟,market,mercado
夭,tender,licitación
妾,concubine,concubina
姚,Yao,Yao
娶,marry,casarse
婁,Lou,lou
嫻,Xian,Xian
孺,Ru,ru
寢,sleep,dormir
峨,A,A
嶙,ragged,harapiento
巳,Si,Si
庶,concubine,concubina
庵,nunnery,convento de monjas
弛,relax,relajarse
彥,Yan,yan
怵,fear,miedo
恫,threaten,amenazar
惦,Concerned,Preocupado
悸,palpitate,palpitar
惰,lazy,perezoso
懾,frighten,asustar
戳,stamp,estampilla
拈,Nian,nian
拎,carry,llevar
捱,suffer,sufrir
揹,back,atrás
搏,fight,luchar
撮,Pinch,Pellizco
擷,capture,captura
攔,bar,bar
攫,grab,agarrar
斲,chop,cortar
旭,Asahi,Asahi
旱,drought,sequía
枒,桠,桠
棺,coffin,ataúd
椏,桠,桠
榷,question,pregunta
榻,couch,sofá
榖,Grain,Grano
橘,Orange,Naranja
欽,Qin,qin
殯,funeral,funeral
氟,fluorine,flúor
汶,Wen,wen
淤,silt,limo
涸,dry,seco
淮,Huai,huai
湘,Hunan,hunan
漩,swirl,remolino
澗,stream,arroyo
濯,wash,lavar
瀏,Browse,Navegar
瀚,Han,han
瀝,Lik,Me gusta
灶,kitchen,cocina
爵,Lord,Caballero
珉,Min,mín.
琉,Liu,Liu
琦,Qi,chi
瘍,ulcer,úlcera
瘴,malaria,malaria
癢,itch,picar
盎,ounce,onza
瞞,conceal,ocultar
瞥,glance,mirada
矇,Mongolian,mongol
砸,smash,smash
硫,sulfur,azufre
祗,only,solo
稠,thick,grueso
窪,depression,depresión
笆,fence,cerca
籐,rattan,rota
籽,seed,semilla
粱,beam,haz
糯,Nuo,Nuo
紜,筭,筭
絮,Xu,Xu
綽,Chua,chua
緯,latitude,latitud
緝,arrest,detención
繃,stretch,estirar
纔,talent,talento
罈,altar,altar
罔,Regardless,A pesar de todo
聇,Nie,nie
臻,Zhen,zhen
芷,Zhi,Zhi
茱,Zhu,Zhu
莞,Wan,Pálido
蓊,thick,grueso
蕙,Hui,hui
薰,Kaoru,Kaoru
薦,recommend,recomendar
蛾,moth,polilla
蝟,Hedgehog,Erizo
蟄,sting,picadura
蠕,Creepy,Espeluznante
蠶,silkworm,gusano de seda
袍,robe,túnica
詛,curse,maldición
諍,criticize,criticar
譎,deceitful,engañoso
贖,redemption,redención
趴,lie,mentir
跚,limp,cojear
跛,lame,aburrido
踰,over,encima
蹦,jump,saltar
躓,stumble,tropezón
躬,bow,arco
輻,spoke,habló
逅,meet unexpectedly,encontrarse inesperadamente
邂,meet unexpectedly,encontrarse inesperadamente
邐,winding,devanado
邸,Di,Di
酥,crispy,crujiente
錮,restrain,contener
鎔,rhodium,rodio
鏽,rust,óxido
鐫,engrave,grabar
鑄,cast,elenco
鑲,set,colocar
隅,corner,esquina
霾,haze,bruma
靴,boots,botas
颳,shave,afeitar
飪,cooking,cocinando
飴,Sweet,Dulce
饞,greedy,avaro
馱,piggyback,a cuestas
馴,tame,domar
駱,Luo,luo
驥,Ji,Ji
魏,Wei,Wei
魘,nightmare,pesadilla
鯉,carp,carpa
鱗,scale,escala
鶯,warbler,curruca
鷺,heron,garza
丫,Ya,ya
么,What?,¿Qué?
乒,ping,silbido
伕,伕,伕
佃,Tenant,Arrendatario
伶,Ling,Abadejo
俎,Zu,zu
刁,carry,llevar
剷,shovel,pala
勘,survey,encuesta
募,raise,aumentar
勳,Xun,xun
勺,Spoon,Cuchara
勻,uniform,uniforme
匿,hide,esconder
吭,throat,garganta
呎,feet,pies
吠,bark,ladrar
咐,command,dominio
咸,salty,salado
咦,Hey,Ey
咧,Lai,lai
啣,title,título
啥,What,Qué
唾,saliva,saliva
嗣,heir,heredero
嗚,Woo,Cortejar
嗡,Buzz,Zumbido
噢,oh,Vaya
嚅,chatteration,parloteo
囁,ugh,puaj
埔,Pu,PU
堯,Yao,Yao
壑,gully,quebrada
壢,Li,li
壼,壸,壸
奄,suddenly,de repente
奸,evil,demonio
娓,Wei,Wei
娥,E,mi
娼,prostitute,prostituta
婷,Ting,tintineo
嫗,woman,mujer
寇,Kou,kou
屹,Yi,yi
崢,Zheng,Zheng
嶄,Brand new,Para estrenar
嶼,island,isla
嶸,Rong,rong
巔,top,arriba
幀,frame,marco
廁,toilet,baño
弘,Hong,hong
弭,Mi,Mi
彗,comet,cometa
徉,walk back and forth,caminar de ida y vuelta
徙,migrate,emigrar
徜,walk back and forth,caminar de ida y vuelta
忿,angry,enojado
怦,thumping,descomunal
悚,frightened,atemorizado
愷,Kai,Kai
懈,negligent,negligente
憨,silly,tonto
戊,E,mi
抄,copy,Copiar
捺,suppress,reprimir
据,according to,de acuerdo a
搓,twist,girar
搧,fan,admirador
摺,fold,doblar
斂,converge,converger
斃,shoot,disparar
斟,Pour,Derramar
旬,ten days,diez dias
暉,Hui,hui
曆,calendar,calendario
朴,Park,Parque
柚,pomelo,pomelo
桔,Orange,Naranja
栗,chestnut,castaña
梨,pear,pera
棠,Tang,Espiga
楔,wedge,cuña
樞,pivot,pivote
槽,groove,ranura
檻,threshold,límite
櫸,beech,haya
殉,Martyrdom,Martirio
汀,Ting,tintineo
汾,Fen,Pantano
泯,obliterate,obliterar
涕,Tears,Lágrimas
涎,saliva,saliva
淅,sound of rain,sonido de lluvia
淬,quench,aplacar
渲,render,prestar
渝,Chongqing,Chongqing
淼,Miao,Miao
濾,filter,filtrar
瀑,waterfall,cascada
炬,torch,antorcha
熒,fluorescent,fluorescente
熠,shine,brillar
燬,destroy,destruir
燻,smoke,fumar
爹,father,padre
牟,Mou,mou
牡,male,masculino
琢,carve,esculpir
璣,ji,ji
璞,Pure,Puro
瓊,Joan,joan
瓢,ladle,cucharón
甬,Yong,yong
癥,disease,enfermedad
皎,bright,brillante
皚,cap,tapa
矢,arrow,flecha
砰,Bang,Estallido
硯,inkstone,piedra de entintar
磊,Lei,Lei
磯,Iso,ISO
窯,kiln,horno
箏,Zheng,Zheng
簑,coir rainwater,agua de lluvia de fibra de coco
篷,canopy,pabellón
簫,Xiao,xiao
簸,toss,sacudida
絢,gorgeous,espléndido
綣,bound in a league,atado en una liga
繚,wind,viento
羈,restrain,contener
胰,pancreatic,pancreático
腋,armpit,axila
腑,internal organs,órganos internos
腮,cheek,mejilla
臆,chest,pecho
舜,Shun,Rehuir
艦,ship,barco
芻,Cuo,Cuo
莘,Xin,Xin
蒲,Pu,PU
蔑,smear,frotis
蚋,gnat,mosquito
蜷,curl up,hacerse un ovillo
蝸,snail,caracol
螺,screw,tornillo
蠟,wax,cera
蠱,insanity,locura
袞,Gon,gon
詰,scold,regañar
詡,brag,jactarse
諺,saying,dicho
諳,familiar with,familiarizado con
賊,thief,ladrón
貲,赀,赀
贅,superfluous,superfluo
踞,squat,agacharse
蹂,trample,pisotear
踵,heel,tacón
躪,ravage,estrago
輟,cease,cesar
辟,Pirate,Pirata
逍,happy,feliz
逕,path,camino
醃,Pickle,Conservar en vinagre
釁,provoke,provocar
釉,glaze,vidriado
釦,buckle,hebilla
鈣,calcium,calcio
銹,rust,óxido
鍛,forge,fragua
鏟,shovel,pala
鏗,Keng,keng
閑,idle,inactivo
閤,combine,combinar
閻,Yan,yan
阡,footpath,sendero
霖,Lin,lin
靡,extravagant,extravagante
鞦,Autumn,Otoño
韁,Rein,Rienda
韆,thousand,mil
韶,Shao,shao
飆,soar,remontarse
飼,feed,alimentar
馥,Fragrant,Fragante
驢,donkey,burro
鮑,abalone,abulón
鱷,crocodile,cocodrilo
鷥,heron,garza
麝,musk deer,ciervo almizclero
丐,beggar,mendigo
乓,pong,apestar
仄,narrow,angosto
伽,Ga,Georgia
俑,figurines,figuritas
俟,As soon as,Tan pronto como
倥,pressed,apretado
倔,stubborn,tenaz
倪,Ni,Ni
傚,effect,efecto
傯,hurried,apresurado
僥,Fluke,Platija
冕,crown,corona
冶,smelt,eperlano
冽,harsh,duro
几,Several,Varios
卦,Gua,Gua
卯,Mao,mao
叱,scold,regañar
呷,Sip,Sorbo
咆,roar,rugido
咋,What?,¿Qué?
哮,wheeze,jadear
唬,fool,tonto
啁,chirp,chirrido
喏,Here,Aquí
嘎,Ga,Georgia
嘮,chatter,charla
嚏,sneeze,estornudo
囿,confine,confinar
坪,Ping,Silbido
垓,boundary,límite
埂,ridge,cresta
墅,villa,villa
壕,trench,zanja
夸,boast,alarde
奎,Kui,kui
妖,demon,demonio
嫦,Chang,chang
嫣,Yan,yan
嬝,delicate,delicado
嬸,aunt,tía
孜,Zi,zi
孵,hatch,escotilla
孿,twin,mellizo
寅,Yin,Yin
岐,Qi,chi
崎,rugged,escabroso
崛,Rise,Elevar
崔,Cui,Cuí
帚,broom,escoba
帛,silk,seda
帙,噙,噙
并,and,y
弧,arc,arco
弩,crossbow,ballesta
彆,Don't,No
御,Royal,Real
徽,emblem,emblema
忖,guess,adivinar
忪,Wrath,Ira
惺,Xing,xing
愫,Suspicious,Sospechoso
慵,careless,descuidado
懨,contented,contento
戎,Rong,rong
戛,Jia,Jia
戢,Ji,Ji
戾,Violent,Violento
扞,defend,defender
拌,mix,mezcla
抿,sip,sorbo
拮,antagonistic,antagonista
掄,swing,balancearse
掬,掎,掎
捩,捩,捩
掣,switch,cambiar
捶,hammer,martillo
搪,prevarication,prevaricación
撇,skim,desnatar
擄,kidnap,secuestrar
擘,break,romper
昀,Yun,yun
晌,noon,mediodía
暨,cum,semen
暱,nickname,apodo
曙,dawn,amanecer
朔,朔,朔
朦,deceive,engañar
朧,hazy,brumoso
杭,Hangzhou,Hangzhou
杰,Jay,Arrendajo
柢,梢,梢
桐,Tung,tung
梗,stem,provenir
棗,date,fecha
棧,stack,pila
椒,pepper,pimienta
榆,elm,olmo
椿,Tsubaki,Tsubaki
樺,birch,abedul
橡,oak,roble
檀,sandalwood,sándalo
櫚,Palm,Palmera
殃,calamity,calamidad
殆,almost,casi
氈,felt,sintió
氤,magic emanation,emanación mágica
氫,hydrogen,hidrógeno
氰,cyanide,cianuro
氳,heavy atmosphere,atmósfera pesada
汔,汔,汔
沽,sell,vender
涇,Jing,jing
浦,Pu,PU
涅,nirvana,nirvana
淳,Chun,Chun
湛,Zhan,Zhan
渭,Wei,Wei
湍,turbulent,turbulento
滇,Yunnan,Yunnan
漱,rinse,enjuagar
澡,bath,baño
濘,muddy,enturbiar
濠,Hao,hao
瀕,near,cerca
灸,moxibustion,moxibustión
燎,burn,quemar
燠,砠,砠
狎,玎,玎
狽,Embarrassed,Avergonzado
狸,raccoon,mapache
猖,wild,salvaje
猙,hideous,horrible
獃,stay,permanecer
獗,rude,brusco
獰,ferocious,feroz
獷,rough,bruto
琛,Chen,Chen
瑯,Lang,Lang
瑚,coral,coral
瑤,Yao,Yao
璧,jade,jade
瓏,Long,Largo
甕,urn,urna
畝,mu,mu
畜,livestock,ganado
痔,hemorrhoid,hemorroides
痳,misfortune,desgracia
痹,paralysis,parálisis
瘠,barren,estéril
癟,deflated,desinflado
皈,convert,convertir
盱,Xu,Xu
眶,orbit,órbita
睦,harmony,armonía
睞,gaze,mirada
睿,Rui,rui
瞠,Stare,Mirada fija
砭,acupuncture,acupuntura
磕,knock,golpear
礡,wide,ancho
礫,gravel,grava
祠,temple,templo
祿,Lu,Lu
禧,Jubilee,Aniversario
禹,Yu,Yu
稔,稔,稔
穌,Jesus,Jesús
穗,ear,oreja
穢,dirty,sucio
穹,dome,cúpula
竇,sinus,seno
竺,Zhu,Zhu
筐,basket,cesta
箸,chopsticks,palillos
箇,箇,箇
篋,trunk,trompa
簍,Basket,Cesta
籟,Lai,lai
粘,stick,palo
絃,string,cadena
紳,gentry,alta burguesía
辮,braid,trenza
羚,antelope,antílope
羲,Xi,Xi
翡,Fei,fei
翳,shade,sombra
聾,deaf,sordo
腥,fishy,sospechoso
膳,meal,comida
臍,navel,ombligo
舐,lick,lamer
舛,mistaken,equivocado
舶,ship,barco
艙,cabin,cabina
芥,mustard,mostaza
茉,moss,musgo
苯,benzene,benceno
茵,Yin,Yin
荖,荖,荖
萃,Cui,Cuí
菱,Ling,Abadejo
蓆,seat,asiento
蓀,Sun,Sol
蕊,pistil,pistilo
薇,Wei,Wei
藜,Quinoa,Quinoa
藹,kind,amable
虜,prisoner,prisionero
蜻,dragonfly,libélula
螃,crab,cangrejo
蟀,cricket,cricket
蟋,cricket,cricket
衊,smear,frotis
衙,Yamen,Yamen
袁,Yuan,Yuan
褂,coat,abrigo
褶,pleats,pliegues
襉,Pleats,Pliegues
訣,tactic,táctica
訧,misstep,paso en falso
詫,surprised,sorprendido
詣,Achievements,Logros
誡,commandment,mandamiento
諭,edict,edicto
謄,copy,Copiar
謐,quiet,tranquilo
謾,詩,詩
譴,condemn,condenar
豹,Leopard,Leopardo
貂,mink,visón
賂,bribe,soborno
贓,stolen goods,bienes robados
趾,toe,dedo del pie
趿,迿,迿
跎,stumble,tropezón
跫,trampling,pisoteando
踮,stand on tiptoe,ponerse de puntillas
踴,leap,salto
蹉,waste,desperdiciar
蹴,kick,patada
躅,wander,deambular
躑,误,误
軼,Yi,yi
轍,rut,rodera
迂,roundabout,rotonda
迦,Jia,Jia
逞,succeed,tener éxito
邵,Shao,shao
醺,drunken,borracho
鈞,Jun,Jun
鉗,clamp,abrazadera
鉀,Potassium,Potasio
銓,Quan,Quan
錐,cone,cono
鏘,Clang,Sonido metálico
鑒,Appreciate,Agradecer
闋,阕,阕
闕,Que,que
陞,Lift,Elevar
隸,scribe,escriba
霏,Fei,fei
靨,dimple,hoyuelo
鞍,saddle,sillín
鞠,Ju,Ju
顥,Hao,hao
餿,rancid,rancio
饅,steamed bread,pan al vapor
骼,skeleton,esqueleto
鮭,salmon,salmón
鴣,partridge,perdiz
鶉,quail,codorniz
鵪,quail,codorniz
鷓,partridge,perdiz
鹹,salty,salado
麴,Koji,koji
鼾,snore,ronquido
齟,irregular,irregular
齬,irregular teeth,dientes irregulares
丕,Pi,Pi
亨,Heng,Heng
伎,trick,truco
佰,Hundred,Centenar
俏,pretty,bonito
俘,capture,captura
倌,groom,acicalar
倨,Arrogant,Arrogante
俾,serve,atender
傀,puppet,marioneta
儡,puppet,marioneta
兌,redeem,canjear
冗,redundant,redundante
凜,cold,frío
刈,mow,cortar
刎,cut the throat,cortar la garganta
刨,plane,avión
剃,shave,afeitar
匍,crawl,gatear
匐,crawl,gatear
匡,Kuang,kuang
叨,nagging,persistente
吒,upbraid,reprender a
呱,quack,curandero
咿,babble,balbucear
唆,instigate,instigar
唧,chirp,chirrido
哽,choking,asfixia
唏,Sigh,Suspiro
啄,peck,picotear
啖,taste,gusto
喀,ka,ká
喋,chatter,charla
喑,dumb,mudo
嗝,belch,eructo
嘖,Tsk,Tsk
嘓,Bang,Estallido
嘹,Loud,Alto
噁,evil,demonio
噙,hold in mouth,sostener en la boca
噠,clatter,estrépito
囀,warble,trino
囈,babble,balbucear
囌,Su,Su
圇,囵,囵
圜,Wan,Pálido
坍,collapse,colapsar
埕,cheng,cheng
埠,port,puerto
塭,孭,孭
墀,Chi,chi
壅,obstruct,obstruir
壩,dam,presa
夙,Su,Su
娑,Suo,Suo
娟,Juan,juan
娩,delivery,entrega
娉,Ping,Silbido
嫄,嫄,嫄
嫖,visit a prostitute,visitar una prostituta
孀,widow,viuda
宕,Delay,Demora
宦,official,oficial
寐,sleep soundly,dormir profundamente
岔,fork,tenedor
嵯,lofty,elevado
嶽,Yue,yue
巫,witch,bruja
帷,curtain,cortina
幔,curtain,cortina
庖,kitchen,cocina
廖,Liao,Liao
廕,shade,sombra
彀,enough,suficiente
彊,powerful,poderoso
恤,shirt,camisa
恂,Xun,xun
恙,Chill,Enfriar
悖,contradict,contradecir
愣,stunned,aturdido
憚,dread,miedo
懍,stunned,aturdido
懣,melancholy,melancolía
懟,hate,odiar
懹,湹,湹
扼,choke,ahogo
拄,lean on,apoyarse en
拇,thumb,pulgar
捎,take along,llevar
捆,bundle,manojo
捫,palpable,palpable
挲,fondle,acariciar
掂,weigh,pesar
掐,pinch,pellizco
揩,wipe,limpiar
揍,beat,derrotar
揪,pull,jalar
揶,play antics,hacer travesuras
揄,draw out,sacar
搆,structure,estructura
摃,carry,llevar
搟,搐,搐
撩,tease,fastidiar
撚,twist,girar
擂,beat,derrotar
攙,mix,mezcla
攢,save,ahorrar
攣,spasm,espasmo
敻,滕,滕
斕,colorful,vistoso
旄,旄,旄
旌,Jing,jing
晏,Yan,yan
朕,I,I
朼,朜,朜
杳,dark and quiet,oscuro y tranquilo
柙,pen,bolígrafo
柒,seven,Siete
桓,Huan,Huan
桉,Eucalyptus,Eucalipto
栖,perch,perca
桎,桎,桎
梓,Zi,zi
梏,brace,abrazadera
楠,Nan,Yaya
楫,oar,remo
楝,neem,nim
楣,lintel,dintel
楬,peg,clavija
椽,rafter,viga
榨,squeeze,estrujar
槁,rotten,podrido
榭,pavilion,pabellón
槭,maple,arce
槿,hibiscus,hibisco
樽,bottle,botella
橢,oval,oval
櫛,comb,peine
檬,lemon,limón
檸,lemon,limón
櫫,Pu,PU
櫺,lattice,enrejado
歛,converge,converger
殄,exterminate,exterminar
毽,shuttlecock,volante
毿,shaggy,lanudo
氮,nitrogen,nitrógeno
汜,creek,arroyo
沌,Chaos,Caos
沂,Yi,yi
沏,steep,empinado
泄,vent,respiradero
泹,湳,湳
浣,raccoon,mapache
淦,Gan,gan
淖,mud,lodo
湮,submerged,sumergido
溲,urinate,orinar
滓,sediment,sedimento
漉,wet,húmedo
潢,pond,estanque
澹,Dan,Dan
瀋,sink,hundir
瀛,Ying,yin
烯,ene,ene
煦,warm,cálido
熏,smoke,fumar
燄,flame,llama
牝,female,femenino
牴,牴,牴
狡,cunning,astuto
猝,sudden,repentino
猾,sly,astuto
猻,狲,狲
玖,Jiu,jiu
琵,lute,laúd
琶,lute,laúd
璀,bright,brillante
璇,Xuan,xuan
璜,Huang,Huang
璨,gem,joya
畚,basket,cesta
疪,scab,costra
痊,recover from illness,recuperarse de la enfermedad
痙,spasm,espasmo
瘀,blood stasis,estasis sanguínea
痾,malady,enfermedad
瘟,plague,plaga
癰,carbuncle,ántrax
盃,cup,taza
眈,gaze intently,mirar fijamente
睏,Sleepy,Somnoliento
睬,pay attention,prestar atención
睽,stare,mirada fija
瞌,drowsy,soñoliento
碘,iodine,yodo
碉,blockhouse,blocao
祼,naked,desnudo
稟,endowment,dotación
窈,slim,delgado
窕,quiet and elegant,tranquilo y elegante
窖,cellar,bodega
窟,cave,cueva
窣,dart out,lanzarse
窸,disturbing noise,ruido molesto
箕,Skip,Saltar
篆,seal,sello
簌,sieve,tamiz
簣,basket for carrying soil,cesta para transportar tierra
粕,Meal,Comida
粟,millet,mijo
粵,Guangdong,Cantón
糜,Mi,Mi
紉,lava,lava
紈,white silk,seda blanca
紿,绐,绐
絹,silk,seda
綢,silk,seda
緞,satin,satín
緲,indistinct,indistinto
縝,careful,cuidadoso
縹,misty,brumoso
繹,interpret,interpretar
繾,loving,cariñoso
缽,bowl,bol
羔,lamb,cordero
羹,soup,sopa
翌,next,próximo
翦,scissors,tijeras
肘,elbow,codo
肴,meat dish,plato de carne
胥,Xu,Xu
胚,embryo,embrión
胝,callus,callo
胭,rouge,colorete
胼,Callus,Callo
胯,crotch,entrepierna
胺,amine,amina
脯,breast,mama
腴,plump,rechoncho
腧,腧,腧
膾,荍,荍
臊,smell of urine,olor a orina
舂,pound,libra
舅,uncle,tío
舵,rudder,timón
艇,boat,bote
荐,recommend,recomendar
茴,fennel,hinojo
荏,quickly,rápidamente
莓,raspberry,frambuesa
萋,luxuriant,exuberante
菡,Han,han
菇,mushroom,champiñón
蓁,Zhen,zhen
蕨,fern,helecho
薛,Xue,xue
藐,despise,despreciar
藻,algae,algas
虩,terrified,aterrorizado
蚓,earthworm,lombriz
蚵,oyster,ostra
蚱,grasshopper,saltamontes
蚯,earthworm,lombriz
蛔,roundworm,lombriz intestinal
蛤,Clam,Almeja
蜀,Shu,Shu
蜉,wasp,avispa
蜢,grasshopper,saltamontes
蜥,lizard,lagarto
蜴,chameleon,camaleón
蝗,locust,langosta
蝣,beetle,escarabajo
螻,mole,lunar
蟈,Grasshopper,Saltamontes
袪,dispel,disipar
袓,袓,袓
袤,vast,vasto
褚,Chu,Chu
褓,baby,bebé
褒,praise,elogio
褥,mattress,colchón
褻,obscene,obsceno
覷,watch for,estar atento a
訟,lawsuit,pleito
訛,false,FALSO
訢,happy,feliz
詎,讵,讵
詼,humorous,humorístico
誅,punish,castigar
詬,sense of shame,sensación de vergüenza
誣,false accusation,acusación falsa
誨,instruct,instruir
諫,admonish,amonestar
謔,tease,fastidiar
諤,Er,Eh
謅,make up,constituir
謢,袢,袢
謨,mo,mes
謫,disgrace,desgracia
貳,two,dos
賃,rent,alquilar
賸,leftover,sobrante
赭,ocher,ocre
踄,stagger,escalonar
踼,踼,踼
蹋,step on,pisar
蹙,frown,fruncir el ceño
躇,hesitate,dudar
蹭,rub,frotar
躊,hesitate,dudar
躋,among,entre
軋,roll,rollo
軔,brake,freno
軛,yoke,yugo
軸,axis,eje
轅,Yuan,Yuan
逡,shrink from,encogerse de
遨,excursion,excursión
遴,select,seleccionar
邇,near,cerca
鄒,Zou,Zou
鄴,Ye,S.M
酢,vinegar,vinagre
酶,enzyme,enzima
醋,vinegar,vinagre
醛,aldehyde,aldehído
釗,Zhao,zhao
鈕,button,botón
錕,Kun,Kun
鑠,melt,derretir
閔,Min,mín.
閘,brake,freno
閹,castrate,castrar
闇,dark,oscuro
陛,Your Majesty,Su Majestad
隄,embankment,terraplén
隳,destroy,destruir
雌,female,femenino
雛,Hina,hina
霄,Xiao,xiao
靂,Li,li
靦,shy,tímido
鞘,sheath,vaina
韙,骪,骪
韜,Tao,tao
頷,jaw,mandíbula
顎,jaw,mandíbula
顰,knit the brows,tejer las cejas
颶,hurricane,huracán
飩,ton,tonelada
餒,hungry,hambriento
餛,Chinese ravioli,ravioles chinos
饉,Taste,Gusto
饗,feast,banquete
駒,foal,potro
駴,駴,駴
騅,piebald,caballo pío
騾,mule,mula
驁,Ao,ao
驪,Li,li
髻,bun,bollo
鯊,shark,tiburón
鰣,shad,sábalo
鱒,trout,trucha
鳶,kite,cometa
鴕,ostrich,avestruz
鵠,swan,cisne
鹵,halogen,halógeno
麒,Qi,chi
麓,Lu,Lu
麩,bran,salvado
麾,rejoice,alegrarse
黜,dismiss,despedir
黠,cunning,astuto
黴,mold,moho
鼕,winter,invierno
齪,dirty,sucio
齷,filthy,asqueroso
亢,hyperactive,hiperactivo
亳,Bo,Bo
仟,thousand,mil
伉,couple,pareja
仳,part,parte
佗,Tuo,Tuo
佞,eloquent,elocuente
佚,Yi,yi
侍,waiter,mesero
佬,guy,chico
侖,Lun,lun
俚,slang,jerga
俞,Yu,Yu
俸,salary,salario
傖,rude,brusco
儂,Nong,nong
儐,best man,padrino de boda
儷,Li,li
儻,unexpectedly,inesperadamente
兀,Wu,Wu
剉,chop,cortar
剜,cut out,separar
剿,suppress,reprimir
勛,Xun,xun
勰,Xie,xie
匭,Huh,Eh
匾,plaque,placa
叟,old man,viejo
叼,hold in mouth,sostener en la boca
吁,appeal,apelar
吋,inches,pulgadas
吝,stingy,tacaño
呃,Well,Bien
呂,Lu,Lu
吩,order,orden
呇,Sorry,Lo siento
呤,whisper,susurro
哂,哂,哂
哖,哖,哖
哆,Duo,Dúo
唔,Hmm,Mmm
唄,chant,cantar
喲,Yo,yo
喫,eat,comer
喙,beak,pico
嗟,sigh,suspiro
嗦,wordy,verboso
嗥,howl,aullido
嗩,唢,唢
嗒,despair,desesperación
嗲,嗲,嗲
嘀,beep,bip
噗,puff,soplo
噉,taste,gusto
噘,pout,abadejo
噫,Alas,Ay
噤,silent,silencioso
噥,garrulous,gárrulo
噲,Kuai,Kuai
嚎,howl,aullido
嚓,Cha,Cha
嚙,bite,morder
囓,bite,morder
囝,child,niño
囪,chimney,tubo de lámpara
囤,store,almacenar
囫,whole,entero
圭,Gui,gui
圯,寯,寯
坌,dust,polvo
垣,wall,muro
垛,pile,montón
埆,円,円
堊,chalk,tiza
堙,mound,montículo
堭,堭,堭
塘,pond,estanque
塢,dock,muelle
塹,chasm,abismo
墻,wall,muro
壹,one,uno
奐,Huan,Huan
妁,Concubine,Concubina
妞,little girl,niña
姍,Shan,shan
姶,Yao,Yao
婢,slave girl,esclava
媛,Yuan,Yuan
媧,Wa,Washington
媾,marry,casarse
嬈,Rao,rao
嬏,Hu,hu
嫺,Xian,Xian
嬴,win,ganar
孑,larvae,larvas
孚,fu,fu
屘,Cunt,Coño
孳,breeding,cría
宥,Excuse me,Disculpe
宧,宧,宧
屣,slipper,zapatilla
屧,屟,屟
屨,sandals,sandalias
崁,Kan,kan
崙,Lun,lun
崧,Song,Canción
嵋,Mei,mei
嵬,lofty,elevado
嶇,rugged,escabroso
嶂,peak,cima
巇,ravine,barranco
巖,rock,roca
巘,嘘,嘘
幄,tent,carpa
幌,Hiro,Hiro
幗,Guo,guo
幡,banner,bandera
庄,village,aldea
庛,庛,庛
庾,Yu,Yu
廌,shabby,en mal estado
廇,Yunnan,Yunnan
廡,veranda,veranda
弈,chess,ajedrez
徂,傂,傂
徇,favoritism,favoritismo
忑,nervous,nervioso
忐,nervous,nervioso
忮,invasive,invasor
忤,disobedient,desobediente
怍,ashamed,avergonzado
恿,incite,incitar
悱,Sorrowful,Triste
愎,obstinate,obstinado
愆,transgression,transgresión
愿,willing,deseoso
慟,grief,dolor
慳,thrifty,ahorrativo
慼,Qi,chi
慫,Cowardly,Cobardemente
戌,Xu,Xu
戟,halberd,alabarda
戡,Can,Poder
扈,Hu,hu
扡,扡,扡
扙,扙,扙
拗,bend,doblar
拽,pull,jalar
拷,copy,Copiar
拴,tie,atar
拫,grab,agarrar
捍,defend,defender
捌,eight,ocho
挼,move,mover
掮,carry on shoulders,llevar sobre los hombros
捸,beat,derrotar
掅,Pluck,Arrancar
揖,Yi,yi
揠,pull up,levantar
搽,paint on,pintar sobre
搔,scratch,rascar
搐,twitch,contracción nerviosa
摁,press,prensa
摟,hug,abrazo
摑,slap,bofetada
搴,slap,bofetada
摭,歭,歭
撂,put down,poner
摜,whip,látigo
撓,scratch,rascar
撻,tart,tarta
擰,screw,tornillo
擢,pull out,extraer
擯,expel,expulsar
攆,expel,expulsar
擻,shake,agitar
晒,sun,sol
晾,air,aire
暄,Xuan,xuan
暌,in opposition to,en oposición a
暸,Got it,Entiendo
曜,Yao,Yao
曩,in the past,en el pasado
朸,朜,朜
杌,杌,杌
杵,pestle,majadero
杼,Zhu,Zhu
柬,Cambodia,Camboya
枸,wolfberry,baya de goji
枻,oar,remo
柏,cypress,ciprés
桀,Jie,jie
桅,mast,mástil
梧,Wu,Wu
梆,bang,estallido
棹,棹,棹
楷,regular script,guión regular
椹,mulberry,mora
榛,hazel,color avellana
槐,Sophora japonica,sophora japónica
榞,榞,榞
槤,梿,梿
樵,firewood,leña
檥,裣,裣
檮,梼,梼
櫓,scull,remar
欒,Luan,luan
欞,lattice,enrejado
欷,sob,sollozo
欸,Yeah,Sí
歆,Xin,Xin
歃,drink,beber
歟,椤,椤
殞,die,morir
瞉,False,FALSO
毓,Yu,Yu
汛,flood,inundación
沁,Qin,qin
汨,mi,mi
泓,Hong,hong
泅,submerge,sumergir
沬,沬,沬
泠,Ling,Abadejo
泫,weep,llorar
泝,Trace back,Averiguar
洫,洴,洴
洒,sprinkle,espolvorear
洙,Soo,así
浬,怬,怬
浹,惃,惃
浠,Xi,Xi
渙,Huan,Huan
湎,drunk,ebrio
湲,沲,沲
渫,get rid of,deshacerse de
湫,Qiu,Qiu
渧,槧,槧
溥,Pu,PU
溼,wet,húmedo
漳,Zhang,zhang
滬,Shanghai,Llevar a la fuerza
滷,halogen,halógeno
潦,flooded,inundado
濔,沵,沵
瀲,trough,canal
灝,Hao,hao
灩,Yan,yan
炷,stick,palo
焊,weld,soldar
烷,alkyl,alquilo
烴,hydrocarbon,hidrocarburo
焄,fumes from sacrifice,humos del sacrificio
焙,bake,hornear
煨,simmer,hervir a fuego lento
煖,warm,cálido
燧,flint,pedernal
爝,torch,antorcha
爰,love,amar
牒,dispatch,despacho
牖,lattice window,ventana de celosía
犄,wing of an army,ala de un ejército
犢,calf,becerro
狙,spy,espiar
狷,狷,狷
猥,rustic,rústico
猩,ape,mono
猷,You,Tú
猿,ape,mono
玆,hereby,por la presente
玦,Jue,jue
玷,blemish,defecto
珀,amber,ámbar
珺,Jun,Jun
琪,Qi,chi
琥,amber,ámbar
瑙,Nau,náu
瑧,瑧,瑧
瑾,Jin,Jin
璁,Brilliant,Brillante
璐,Lu,Lu
瓠,gourd,calabaza
甄,Zhen,zhen
甌,Ou,UNED
甭,Never mind,No importa
甯,rather,bastante
甸,Dian,Dian
畀,give,dar
疋,boil,hervir
疙,pimple,espinilla
疹,rash,erupción
痂,scab,costra
痍,bruise,moretón
痌,moan with pain,gemir de dolor
痣,mole,lunar
痠,acid,ácido
瘁,weary,cansado
瘩,boil,hervir
瘝,Fever,Fiebre
瘸,lame,aburrido
癇,epilepsy,epilepsia
癩,skin disease,enfermedad de la piel
癲,Epilepsy,Epilepsia
盥,wash,lavar
眇,subtle,sutil
睇,look,mirar
睨,look askance,mirar de reojo
瞅,look,mirar
瞟,cast a glance,echa un vistazo
瞰,overlook,pasar por alto
瞿,Qu,Qu
矓,hazy,brumoso
矽,Silicon,Silicio
矸,gangue,ganga
砥,whetstone,piedra de afilar
碓,pestle,majadero
碇,anchor,ancla
碣,stone tablet,tableta de piedra
碾,grind,moler
磐,Pan,Cacerola
磺,sulfur,azufre
礪,grind,moler
祀,worship,culto
祺,Qi,chi
禎,Zhen,zhen
禋,sacrifice,sacrificio
禢,禢,禢
禾,millet,mijo
秏,珏,珏
稷,Ji,Ji
穈,porridge,papilla
窠,nest,nido
窳,ugly,feo
竣,complete,completo
笳,Jia,Jia
筑,build,construir
筵,feast,banquete
箝,clamp,abrazadera
箔,foil,frustrar
箍,hoop,aro
箴,Proverb,Proverbio
篁,bamboo grove,bosque de bambú
篡,usurp,usurpar
篾,bamboo strips,tiras de bambú
篳,wicker,mimbre
簧,reed,caña
簪,hairpin,horquilla
簞,Tao,tao
籮,basket,cesta
粲,charming,encantador
糗,Embarrassing,Embarazoso
糢,mold,moho
糰,group,grupo
紘,Hong,hong
絀,shabby,en mal estado
紽,braid on a robe,trenza en una bata
紺,purple,púrpura
絞,twist,girar
絳,crimson,carmesí
綾,Aya,aya
綸,Lun,lun
緇,缁,缁
緋,Fei,fei
綖,cap tassel,borla de gorra
縉,Jin,Jin
縟,adorned,adornado
縴,Fiber,Fibra
縻,绻,绻
繖,umbrella,paraguas
纂,compile,compilar
纓,tassel,borla
罌,Poppy,Amapola
罣,罣,罣
翟,Zhai,Zhai
翹,warped,deformado
耆,Elderly,Anciano
聒,noisy,ruidoso
聶,Nie,nie
聿,Yu,Yu
肄,Stupid,Estúpido
肓,dying,muriendo
肛,anus,ano
胱,bladder,vejiga
胴,body,cuerpo
脛,shin,espinilla
腆,shy,tímido
膊,shoulder,hombro
臃,bloated,hinchado
臀,buttocks,nalgas
臚,胃,胃
臾,a moment,un momento
芵,Credit,Crédito
芧,small chestnut,castaño pequeño
芮,Rui,rui
苣,Endive,Endibia
苜,clover,trébol
苑,Garden,Jardín
芔,pirin,pirina
茹,Ru,ru
茗,Ming,Ming
茨,tz,tz
茜,Akane,akane
莠,蠠,蠠
荼,tea,té
堇,pansy,pensamiento
菰,mushroom,champiñón
葵,sunflower,girasol
萼,calyx,cáliz
萵,lettuce,lechuga
葩,Pai,pai
葺,repair,reparar
葰,谰,谰
葯,medicine,medicamento
蒿,Artemisia,artemisia
蒞,come,venir
蒜,garlic,ajo
蒺,Trillium,trilio
蒔,Shi,Shi
蓿,clover,trébol
蔻,khao,khao
蔪,wilt,marchitar
蔘,ginseng,ginseng
薔,rose,rosa
薊,thistle,cardo
藪,薮,薮
藕,lotus root,raíz de loto
蘑,mushroom,champiñón
蘚,Moss,Musgo
蘸,dip,aderezo
蚪,tadpole,renacuajo
蚤,flea,pulga
蚌,mussel,mejillón
蚣,earthworm,lombriz
蛀,termite,termita
蛭,leech,sanguijuela
蛩,cricket,cricket
蜓,dragonfly,libélula
蜈,centipede,ciempiés
蜃,mirage,espejismo
蜆,clam,almeja
蛺,butterfly,mariposa
蜚,Fei,fei
蝌,tadpole,renacuajo
蟆,toad,sapo
螫,sting,picadura
螯,chela,garra del insecto
蠅,fly,volar
蠣,oyster,ostra
蠹,beetles,escarabajos
衢,thoroughfare,vía pública
袂,sleeve of a robe,manga de una bata
衿,Jin,Jin
袒,bare,desnudo
裎,take off clothes,quitarse la ropa
裘,fur,pelo
裱,frame,marco
裾,train,tren
褊,narrow,angosto
褸,jacket,chaqueta
襤,ragged,harapiento
襬,put,poner
覃,Qin,qin
觚,Gou,gou
觴,feast,banquete
訐,criticize,criticar
訕,slander,calumnia
訖,finished,finalizado
訥,Ne,Nordeste
詆,slander,calumnia
訶,blame,culpa
諄,sincerely,atentamente
誹,slander,calumnia
諓,蓓,蓓
諜,spy,espiar
謁,visit,visita
諡,posthumous title,título póstumo
謗,slander,calumnia
譁,Wow,Guau
豇,cowpea,caupí
豉,soybean,haba de soja
豕,hog,cerdo
豳,Bin,Papelera
貽,Yi,yi
賒,buy on credit,comprar a crédito
賬,account,cuenta
赧,blush,rubor
赦,amnesty,amnistía
趺,instep,empeine
跤,wrestle,luchar
踝,ankle,tobillo
踟,hesitant,vacilante
蹇,jian,jian
蹚,trip,viaje
蹩,limp,cojear
躕,undecided,indeciso
躚,蹹,蹹
躡,chase,perseguir
軾,Shi,Shi
輊,轾,轾
輀,耀,耀
輓,pull,jalar
轆,reel,carrete
迆,winding,devanado
迓,receive as a guest,recibir como invitado
迨,訨,訨
迼,迼,迼
逋,Stupid,Estúpido
逭,escape,escapar
遄,Trent,Trento
遯,escape,escapar
郢,Ying,yin
鄔,Wu,Wu
酊,tincture,tintura
酐,anhydride,anhídrido
酗,drunk,ebrio
酖,poison,veneno
酡,flushed,sonrojado
酩,drunken,borracho
酮,ketone,cetona
醐,醐,醐
醍,鍍,鍍
醱,Fragrant,Fragante
釜,kettle,pava
鈙,鈙,鈙
鈷,cobalt,cobalto
鉤,hook,gancho
鈿,Tin,Estaño
鉻,chromium,cromo
銑,Milling,Molienda
鋅,zinc,zinc
鋏,sword,espada
鋌,collar,cuello
銹,rust,óxido
錳,manganese,manganeso
鍍,plating,enchapado
鎂,magnesium,magnesio
錨,anchor,ancla
錘,hammer,martillo
鍬,shovel,pala
鍰,锾,锾
鎊,pound,libra
鎳,nickel,níquel
鎬,pick,elegir
鎚,hammer,martillo
鎗,gun,pistola
鏈,chain,cadena
鏢,dart,dardo
鐮,sickle,hoz
鐺,clang,sonido metálico
鐲,bracelet,pulsera
鑣,darts,dardos
鑪,furnace,horno
鑾,Luan,luan
閏,leap,salto
閶,gate of heaven,puerta del cielo
闃,阒,阒
闓,Kai,Kai
阨,Er,Eh
隋,Sui,sui
陲,frontier,frontera
隼,Falcon,Halcón
雍,Yong,yong
雋,Jun,Jun
雉,Pheasant,Faisán
雩,雯,雯
霆,Ting,tintineo
霹,clap,aplaudir
霽,Ji,Ji
靶,target,objetivo
靳,Jin,Jin
鞏,Gong,Gong
鞬,鬬,鬬
韭,leek,Puerro
韾,韶,韶
頇,顸,顸
頡,Jie,jie
頤,Yi,yi
餌,bait,carnada
餞,preserves,conservas
餡,filling,relleno
餚,meat dish,plato de carne
餬,paste,pasta
餮,gluttonous,glotón
饌,Food,Alimento
饕,gluttonous,glotón
饜,satisfied,satisfecho
馭,control,control
駟,Si,Si
駿,Jun,Jun
騖,greedy,avaro
驄,Cong,cong
骷,skeleton,esqueleto
髏,skull,cráneo
髦,mane,melena
髫,Tiao,tiao
髭,mustache,bigote
鬃,bristle,cerda
鬨,coax,engatusar
鬩,evil,demonio
魷,squid,calamar
鯽,crucian carp,carpa cruciana
鯖,mackerel,caballa
鰓,gill,branquia
鰻,eel,Anguila
鴝,robin,petirrojo
鵲,magpie,urraca
鶚,osprey,águila pescadora
鶩,duck,pato
鷂,Harrier,Aguilucho
鸝,oriole,oriol
黥,tattoo,tatuaje
黧,dark,oscuro
黷,blacken,ennegrecer
齧,bite,morder
